codon,amino_acid,B16,AA20,L23
TTT,F,15,4,21
TTC,F,15,4,21
TTA,L,15,9,22
TTG,L,15,9,22
TCT,S,13,15,18
TCC,S,13,15,18
TCA,S,13,15,18
TCG,S,13,15,18
TAT,Y,12,19,17
TAC,Y,12,19,17
TGT,C,14,1,19
TGC,C,14,1,19
TGG,W,14,18,20
CTT,L,7,9,11
CTC,L,7,9,11
CTA,L,7,9,11
CTG,L,7,9,11
CCT,P,5,12,9
CCC,P,5,12,9
CCA,P,5,12,9
CCG,P,5,12,9
CAT,H,4,6,7
CAC,H,4,6,7
CAA,Q,4,13,8
CAG,Q,4,13,8
CGT,R,6,14,10
CGC,R,6,14,10
CGA,R,6,14,10
CGG,R,6,14,10
ATT,I,3,7,5
ATC,I,3,7,5
ATA,I,3,7,5
ATG,M,3,10,6
ACT,T,1,16,2
ACC,T,1,16,2
ACA,T,1,16,2
ACG,T,1,16,2
AAT,N,0,11,1
AAC,N,0,11,1
AAA,K,0,8,0
AAG,K,0,8,0
AGT,S,2,15,4
AGC,S,2,15,4
AGA,R,2,14,3
AGG,R,2,14,3
GTT,V,11,17,16
GTC,V,11,17,16
GTA,V,11,17,16
GTG,V,11,17,16
GCT,A,9,0,14
GCC,A,9,0,14
GCA,A,9,0,14
GCG,A,9,0,14
GAT,D,8,2,12
GAC,D,8,2,12
GAA,E,8,3,13
GAG,E,8,3,13
GGT,G,10,5,15
GGC,G,10,5,15
GGA,G,10,5,15
GGG,G,10,5,15
