model,horizon,requested_k,matching_target,method,repeats,median_matching_ari,q05_matching_ari,q95_matching_ari,exact_recovery_rate,category,median_discovered_closure_tv
ECMrest,0.01,16,B16,jump_profile,30,0.2095441634866684,0.1612369946720729,0.26664514048193416,0.0,WEAK_NULL,0.01896227730815109
ECMrest,0.01,16,B16,spectral,30,0.619337524829635,0.5963493024138848,0.6474412192389635,0.0,PARTIAL,0.007688989052187874
ECMrest,0.01,20,AA20,jump_profile,30,0.2885748896351251,0.2305142639989099,0.34404602683706925,0.0,WEAK_NULL,0.017054650215014497
ECMrest,0.01,20,AA20,spectral,30,0.7803406326034064,0.7435257126387486,0.851581508515815,0.0,STRONG,0.007689469647120356
ECMrest,0.01,23,L23,jump_profile,30,0.19764720860522483,0.11698514983479814,0.27718799095304714,0.0,WEAK_NULL,0.015344336648508525
ECMrest,0.01,23,L23,spectral,30,0.6490861072614597,0.6177260519247986,0.6995487122472211,0.0,PARTIAL,0.007742971236675304
ECMrest,0.05,16,B16,jump_profile,30,0.22093715290370342,0.13862290786945278,0.30006989486201446,0.0,WEAK_NULL,0.08385486402222073
ECMrest,0.05,16,B16,spectral,30,0.619337524829635,0.5866874559147336,0.6512151734972046,0.0,PARTIAL,0.03620091590399848
ECMrest,0.05,20,AA20,jump_profile,30,0.2790519389254456,0.2382318770707582,0.3127853767135264,0.0,WEAK_NULL,0.07719517015012323
ECMrest,0.05,20,AA20,spectral,30,0.7803406326034064,0.7398206520608368,0.7874194110472208,0.0,STRONG,0.036214141336120165
ECMrest,0.05,23,L23,jump_profile,30,0.17902442827822335,0.15461653112987997,0.2686240395302179,0.0,WEAK_NULL,0.0771759801278134
ECMrest,0.05,23,L23,spectral,30,0.6542276248722445,0.6224520381246516,0.702674339572667,0.0,PARTIAL,0.036429120540893534
ECMrest,0.1,16,B16,jump_profile,30,0.24471772270999254,0.1884580970288474,0.2889305505184415,0.0,WEAK_NULL,0.14882144347214907
ECMrest,0.1,16,B16,spectral,30,0.619337524829635,0.5943173987596353,0.6498113940185077,0.0,PARTIAL,0.0672787540245167
ECMrest,0.1,20,AA20,jump_profile,30,0.2916079925151663,0.21406224659334244,0.38984358810234876,0.0,WEAK_NULL,0.13741850413422343
ECMrest,0.1,20,AA20,spectral,30,0.7838800218253136,0.7538634819799003,0.7874194110472208,0.0,STRONG,0.06733654201986598
ECMrest,0.1,23,L23,jump_profile,30,0.192452729266401,0.15149752087882157,0.2694440120657061,0.0,WEAK_NULL,0.12136349327128504
ECMrest,0.1,23,L23,spectral,30,0.6565334552035453,0.6279232745866535,0.7071329960552674,0.0,PARTIAL,0.06771954525339835
ECMrest,0.5,16,B16,jump_profile,30,0.3090257199868327,0.2594714029710943,0.36852820509561424,0.0,WEAK_NULL,0.2973815968478145
ECMrest,0.5,16,B16,spectral,30,0.612371385295705,0.5970148006498678,0.6381465876496657,0.0,PARTIAL,0.19888961097123387
ECMrest,0.5,20,AA20,jump_profile,30,0.3955050433282047,0.3343633043149921,0.49067331893269817,0.0,WEAK_NULL,0.27848413937744354
ECMrest,0.5,20,AA20,spectral,30,0.7803406326034064,0.7476157967686548,0.8093404541225953,0.0,STRONG,0.20059867999551648
ECMrest,0.5,23,L23,jump_profile,30,0.26785502603049255,0.21509594003823507,0.3009562949498143,0.0,WEAK_NULL,0.2638378911374618
ECMrest,0.5,23,L23,spectral,30,0.6490861072614597,0.6279232745866535,0.6901902029000229,0.0,PARTIAL,0.20113497586519363
ECMrest,1.0,16,B16,jump_profile,30,0.34464310260156295,0.2807245184922081,0.39919759303685376,0.0,WEAK_NULL,0.3406433797328282
ECMrest,1.0,16,B16,spectral,30,0.605893485522588,0.5808746940043019,0.6251156301724367,0.0,PARTIAL,0.23481580023618365
ECMrest,1.0,20,AA20,jump_profile,30,0.44495499025917407,0.3346480625622813,0.5529969813220112,0.0,PARTIAL,0.3286718702903032
ECMrest,1.0,20,AA20,spectral,30,0.7681768176817682,0.7359849868580335,0.8406439635347994,0.0,STRONG,0.23649084320800526
ECMrest,1.0,23,L23,jump_profile,30,0.354237191700961,0.31229045042150516,0.4152112312866771,0.0,WEAK_NULL,0.3061581330359206
ECMrest,1.0,23,L23,spectral,30,0.6595893788771511,0.6177260519247986,0.6995487122472211,0.0,PARTIAL,0.23649084320800529
ECMunrest,0.01,16,B16,jump_profile,30,0.3745704421897881,0.2374307423905107,0.4329310491891212,0.0,WEAK_NULL,0.005610306706913214
ECMunrest,0.01,16,B16,spectral,30,0.5552154612906844,0.5552154612906844,0.5552154612906844,0.0,PARTIAL,0.0023497623775703665
ECMunrest,0.01,20,AA20,jump_profile,30,0.496417975619031,0.39109751305985446,0.6230543659975011,0.0,PARTIAL,0.006099063384417548
ECMunrest,0.01,20,AA20,spectral,30,1.0,1.0,1.0,1.0,EXACT,0.0021621699888670657
ECMunrest,0.01,23,L23,jump_profile,30,0.35050836134366065,0.27635701240024113,0.44549360896367984,0.0,WEAK_NULL,0.00659746908505111
ECMunrest,0.01,23,L23,spectral,30,0.7991253721120156,0.7991253721120156,0.7991253721120156,0.0,STRONG,0.0042876000935318775
ECMunrest,0.05,16,B16,jump_profile,30,0.41690424283078986,0.29614656415302343,0.4702140001029271,0.0,PARTIAL,0.02667412817482514
ECMunrest,0.05,16,B16,spectral,30,0.5552154612906844,0.5552154612906844,0.5552154612906844,0.0,PARTIAL,0.011570349307993699
ECMunrest,0.05,20,AA20,jump_profile,30,0.5308366787825644,0.41711511147574926,0.6153704292355596,0.0,PARTIAL,0.027708037847843217
ECMunrest,0.05,20,AA20,spectral,30,1.0,1.0,1.0,1.0,EXACT,0.010413836404041255
ECMunrest,0.05,23,L23,jump_profile,30,0.3580570445889155,0.29570875623549586,0.4536806996624114,0.0,WEAK_NULL,0.03183036727563658
ECMunrest,0.05,23,L23,spectral,30,0.7991253721120156,0.7991253721120156,0.7991253721120156,0.0,STRONG,0.020459835459253797
ECMunrest,0.1,16,B16,jump_profile,30,0.38169649648732695,0.3111565683136072,0.46819919616677047,0.0,WEAK_NULL,0.05219345863688002
ECMunrest,0.1,16,B16,spectral,30,0.5552154612906844,0.5552154612906844,0.5552154612906844,0.0,PARTIAL,0.02270303204503283
ECMunrest,0.1,20,AA20,jump_profile,30,0.5261663563908077,0.43849257966656624,0.648817863931381,0.0,PARTIAL,0.053324603039121024
ECMunrest,0.1,20,AA20,spectral,30,1.0,1.0,1.0,1.0,EXACT,0.01988210652604537
ECMunrest,0.1,23,L23,jump_profile,30,0.3805082973382873,0.29170777998880953,0.4602923324284072,0.0,WEAK_NULL,0.058167268298181724
ECMunrest,0.1,23,L23,spectral,30,0.7991253721120156,0.7991253721120156,0.8503839206413473,0.0,STRONG,0.038608826365268085
ECMunrest,0.5,16,B16,jump_profile,30,0.4140483010377184,0.3545945494558469,0.4693540823057002,0.0,PARTIAL,0.1816452522200583
ECMunrest,0.5,16,B16,spectral,30,0.5552154612906844,0.5552154612906844,0.5552154612906844,0.0,PARTIAL,0.09758345759159988
ECMunrest,0.5,20,AA20,jump_profile,30,0.6020188425483741,0.5361083157674702,0.690993881590941,0.0,PARTIAL,0.18545721638851573
ECMunrest,0.5,20,AA20,spectral,30,1.0,1.0,1.0,1.0,EXACT,0.0696073074014937
ECMunrest,0.5,23,L23,jump_profile,30,0.45505175938321507,0.3780861477071276,0.5604663334976806,0.0,PARTIAL,0.2046160696175835
ECMunrest,0.5,23,L23,spectral,30,0.7991253721120156,0.7991253721120156,0.7991253721120156,0.0,STRONG,0.12268468347734156
ECMunrest,1.0,16,B16,jump_profile,30,0.42550250256559385,0.3145697466994407,0.5131262829537039,0.0,PARTIAL,0.2170849543541869
ECMunrest,1.0,16,B16,spectral,30,0.5552154612906844,0.5552154612906844,0.5552154612906844,0.0,PARTIAL,0.162157935189364
ECMunrest,1.0,20,AA20,jump_profile,30,0.6446674234739713,0.5448607135082377,0.7302617397459565,0.0,PARTIAL,0.23313184519806962
ECMunrest,1.0,20,AA20,spectral,30,1.0,1.0,1.0,1.0,EXACT,0.09227531433255982
ECMunrest,1.0,23,L23,jump_profile,30,0.4909618145830278,0.4333552515410702,0.5350456435104421,0.0,PARTIAL,0.25111925973441274
ECMunrest,1.0,23,L23,spectral,30,0.7991253721120156,0.7991253721120156,0.8503839206413473,0.0,STRONG,0.14306436845675577
