tau,samples_per_state,repeat,resolved_count
0.1,100,0,48
0.1,100,1,48
0.1,100,2,48
0.1,100,3,48
0.1,100,4,48
0.1,100,5,48
0.1,100,6,48
0.1,100,7,48
0.1,100,8,48
0.1,100,9,48
0.1,100,10,48
0.1,100,11,48
0.1,100,12,48
0.1,100,13,48
0.1,100,14,48
0.1,100,15,48
0.1,100,16,48
0.1,100,17,48
0.1,100,18,48
0.1,100,19,48
0.1,100,20,48
0.1,100,21,48
0.1,100,22,48
0.1,100,23,48
0.1,100,24,48
0.1,100,25,48
0.1,100,26,48
0.1,100,27,48
0.1,100,28,48
0.1,100,29,48
0.1,100,30,48
0.1,100,31,48
0.1,100,32,48
0.1,100,33,48
0.1,100,34,48
0.1,100,35,48
0.1,100,36,48
0.1,100,37,48
0.1,100,38,48
0.1,100,39,48
0.1,100,40,48
0.1,100,41,48
0.1,100,42,48
0.1,100,43,47
0.1,100,44,48
0.1,100,45,48
0.1,100,46,48
0.1,100,47,48
0.1,100,48,48
0.1,100,49,48
0.1,100,50,48
0.1,100,51,48
0.1,100,52,48
0.1,100,53,48
0.1,100,54,48
0.1,100,55,48
0.1,100,56,48
0.1,100,57,48
0.1,100,58,48
0.1,100,59,48
0.1,100,60,48
0.1,100,61,48
0.1,100,62,48
0.1,100,63,48
0.1,100,64,48
0.1,100,65,48
0.1,100,66,48
0.1,100,67,48
0.1,100,68,48
0.1,100,69,48
0.1,100,70,48
0.1,100,71,48
0.1,100,72,48
0.1,100,73,48
0.1,100,74,48
0.1,100,75,48
0.1,100,76,48
0.1,100,77,48
0.1,100,78,48
0.1,100,79,48
0.1,100,80,48
0.1,100,81,48
0.1,100,82,48
0.1,100,83,48
0.1,100,84,48
0.1,100,85,48
0.1,100,86,48
0.1,100,87,48
0.1,100,88,48
0.1,100,89,48
0.1,100,90,48
0.1,100,91,48
0.1,100,92,48
0.1,100,93,48
0.1,100,94,48
0.1,100,95,48
0.1,100,96,48
0.1,100,97,48
0.1,100,98,48
0.1,100,99,48
0.1,500,0,48
0.1,500,1,48
0.1,500,2,48
0.1,500,3,48
0.1,500,4,48
0.1,500,5,48
0.1,500,6,48
0.1,500,7,48
0.1,500,8,48
0.1,500,9,48
0.1,500,10,48
0.1,500,11,48
0.1,500,12,48
0.1,500,13,48
0.1,500,14,48
0.1,500,15,48
0.1,500,16,48
0.1,500,17,48
0.1,500,18,48
0.1,500,19,48
0.1,500,20,48
0.1,500,21,48
0.1,500,22,48
0.1,500,23,48
0.1,500,24,48
0.1,500,25,48
0.1,500,26,48
0.1,500,27,48
0.1,500,28,48
0.1,500,29,48
0.1,500,30,48
0.1,500,31,48
0.1,500,32,48
0.1,500,33,48
0.1,500,34,48
0.1,500,35,48
0.1,500,36,48
0.1,500,37,48
0.1,500,38,48
0.1,500,39,48
0.1,500,40,48
0.1,500,41,48
0.1,500,42,48
0.1,500,43,48
0.1,500,44,48
0.1,500,45,48
0.1,500,46,48
0.1,500,47,48
0.1,500,48,48
0.1,500,49,48
0.1,500,50,48
0.1,500,51,48
0.1,500,52,48
0.1,500,53,48
0.1,500,54,48
0.1,500,55,48
0.1,500,56,48
0.1,500,57,48
0.1,500,58,48
0.1,500,59,48
0.1,500,60,48
0.1,500,61,48
0.1,500,62,48
0.1,500,63,48
0.1,500,64,48
0.1,500,65,48
0.1,500,66,48
0.1,500,67,48
0.1,500,68,48
0.1,500,69,48
0.1,500,70,48
0.1,500,71,48
0.1,500,72,48
0.1,500,73,48
0.1,500,74,48
0.1,500,75,48
0.1,500,76,48
0.1,500,77,48
0.1,500,78,48
0.1,500,79,48
0.1,500,80,48
0.1,500,81,48
0.1,500,82,48
0.1,500,83,48
0.1,500,84,48
0.1,500,85,48
0.1,500,86,48
0.1,500,87,48
0.1,500,88,48
0.1,500,89,48
0.1,500,90,48
0.1,500,91,48
0.1,500,92,48
0.1,500,93,48
0.1,500,94,48
0.1,500,95,48
0.1,500,96,48
0.1,500,97,48
0.1,500,98,48
0.1,500,99,48
0.1,5000,0,48
0.1,5000,1,48
0.1,5000,2,48
0.1,5000,3,48
0.1,5000,4,48
0.1,5000,5,48
0.1,5000,6,48
0.1,5000,7,48
0.1,5000,8,48
0.1,5000,9,48
0.1,5000,10,48
0.1,5000,11,48
0.1,5000,12,48
0.1,5000,13,48
0.1,5000,14,48
0.1,5000,15,48
0.1,5000,16,48
0.1,5000,17,48
0.1,5000,18,48
0.1,5000,19,48
0.1,5000,20,48
0.1,5000,21,48
0.1,5000,22,48
0.1,5000,23,48
0.1,5000,24,48
0.1,5000,25,48
0.1,5000,26,48
0.1,5000,27,48
0.1,5000,28,48
0.1,5000,29,48
0.1,5000,30,48
0.1,5000,31,48
0.1,5000,32,48
0.1,5000,33,48
0.1,5000,34,48
0.1,5000,35,48
0.1,5000,36,48
0.1,5000,37,48
0.1,5000,38,48
0.1,5000,39,48
0.1,5000,40,48
0.1,5000,41,48
0.1,5000,42,48
0.1,5000,43,48
0.1,5000,44,48
0.1,5000,45,48
0.1,5000,46,48
0.1,5000,47,48
0.1,5000,48,48
0.1,5000,49,48
0.1,5000,50,48
0.1,5000,51,48
0.1,5000,52,48
0.1,5000,53,48
0.1,5000,54,48
0.1,5000,55,48
0.1,5000,56,48
0.1,5000,57,48
0.1,5000,58,48
0.1,5000,59,48
0.1,5000,60,48
0.1,5000,61,48
0.1,5000,62,48
0.1,5000,63,48
0.1,5000,64,48
0.1,5000,65,48
0.1,5000,66,48
0.1,5000,67,48
0.1,5000,68,48
0.1,5000,69,48
0.1,5000,70,48
0.1,5000,71,48
0.1,5000,72,48
0.1,5000,73,48
0.1,5000,74,48
0.1,5000,75,48
0.1,5000,76,48
0.1,5000,77,48
0.1,5000,78,48
0.1,5000,79,48
0.1,5000,80,48
0.1,5000,81,48
0.1,5000,82,48
0.1,5000,83,48
0.1,5000,84,48
0.1,5000,85,48
0.1,5000,86,48
0.1,5000,87,48
0.1,5000,88,48
0.1,5000,89,48
0.1,5000,90,48
0.1,5000,91,48
0.1,5000,92,48
0.1,5000,93,48
0.1,5000,94,48
0.1,5000,95,48
0.1,5000,96,48
0.1,5000,97,48
0.1,5000,98,48
0.1,5000,99,48
0.4,100,0,11
0.4,100,1,11
0.4,100,2,11
0.4,100,3,12
0.4,100,4,9
0.4,100,5,11
0.4,100,6,13
0.4,100,7,11
0.4,100,8,11
0.4,100,9,12
0.4,100,10,11
0.4,100,11,11
0.4,100,12,11
0.4,100,13,12
0.4,100,14,11
0.4,100,15,13
0.4,100,16,12
0.4,100,17,12
0.4,100,18,13
0.4,100,19,11
0.4,100,20,11
0.4,100,21,11
0.4,100,22,12
0.4,100,23,11
0.4,100,24,11
0.4,100,25,12
0.4,100,26,12
0.4,100,27,13
0.4,100,28,11
0.4,100,29,12
0.4,100,30,10
0.4,100,31,12
0.4,100,32,12
0.4,100,33,12
0.4,100,34,12
0.4,100,35,12
0.4,100,36,12
0.4,100,37,12
0.4,100,38,11
0.4,100,39,10
0.4,100,40,12
0.4,100,41,11
0.4,100,42,12
0.4,100,43,13
0.4,100,44,10
0.4,100,45,12
0.4,100,46,12
0.4,100,47,12
0.4,100,48,11
0.4,100,49,12
0.4,100,50,11
0.4,100,51,11
0.4,100,52,13
0.4,100,53,11
0.4,100,54,11
0.4,100,55,11
0.4,100,56,12
0.4,100,57,11
0.4,100,58,12
0.4,100,59,12
0.4,100,60,12
0.4,100,61,10
0.4,100,62,11
0.4,100,63,12
0.4,100,64,11
0.4,100,65,10
0.4,100,66,11
0.4,100,67,11
0.4,100,68,11
0.4,100,69,12
0.4,100,70,12
0.4,100,71,10
0.4,100,72,12
0.4,100,73,13
0.4,100,74,11
0.4,100,75,12
0.4,100,76,12
0.4,100,77,13
0.4,100,78,11
0.4,100,79,12
0.4,100,80,10
0.4,100,81,10
0.4,100,82,12
0.4,100,83,11
0.4,100,84,12
0.4,100,85,11
0.4,100,86,12
0.4,100,87,11
0.4,100,88,11
0.4,100,89,12
0.4,100,90,10
0.4,100,91,11
0.4,100,92,10
0.4,100,93,11
0.4,100,94,12
0.4,100,95,11
0.4,100,96,11
0.4,100,97,11
0.4,100,98,11
0.4,100,99,11
0.4,500,0,24
0.4,500,1,23
0.4,500,2,24
0.4,500,3,23
0.4,500,4,24
0.4,500,5,24
0.4,500,6,24
0.4,500,7,23
0.4,500,8,24
0.4,500,9,24
0.4,500,10,25
0.4,500,11,23
0.4,500,12,24
0.4,500,13,25
0.4,500,14,25
0.4,500,15,24
0.4,500,16,24
0.4,500,17,24
0.4,500,18,24
0.4,500,19,24
0.4,500,20,24
0.4,500,21,24
0.4,500,22,24
0.4,500,23,23
0.4,500,24,24
0.4,500,25,24
0.4,500,26,24
0.4,500,27,25
0.4,500,28,25
0.4,500,29,24
0.4,500,30,24
0.4,500,31,24
0.4,500,32,24
0.4,500,33,24
0.4,500,34,24
0.4,500,35,24
0.4,500,36,24
0.4,500,37,24
0.4,500,38,24
0.4,500,39,23
0.4,500,40,25
0.4,500,41,24
0.4,500,42,25
0.4,500,43,24
0.4,500,44,24
0.4,500,45,23
0.4,500,46,25
0.4,500,47,24
0.4,500,48,24
0.4,500,49,25
0.4,500,50,25
0.4,500,51,24
0.4,500,52,24
0.4,500,53,25
0.4,500,54,24
0.4,500,55,24
0.4,500,56,25
0.4,500,57,23
0.4,500,58,23
0.4,500,59,24
0.4,500,60,24
0.4,500,61,23
0.4,500,62,24
0.4,500,63,23
0.4,500,64,25
0.4,500,65,24
0.4,500,66,24
0.4,500,67,23
0.4,500,68,24
0.4,500,69,24
0.4,500,70,23
0.4,500,71,24
0.4,500,72,24
0.4,500,73,23
0.4,500,74,25
0.4,500,75,24
0.4,500,76,24
0.4,500,77,24
0.4,500,78,24
0.4,500,79,24
0.4,500,80,24
0.4,500,81,25
0.4,500,82,24
0.4,500,83,24
0.4,500,84,24
0.4,500,85,24
0.4,500,86,24
0.4,500,87,24
0.4,500,88,24
0.4,500,89,24
0.4,500,90,24
0.4,500,91,24
0.4,500,92,24
0.4,500,93,25
0.4,500,94,23
0.4,500,95,24
0.4,500,96,24
0.4,500,97,24
0.4,500,98,24
0.4,500,99,24
0.4,5000,0,40
0.4,5000,1,40
0.4,5000,2,40
0.4,5000,3,40
0.4,5000,4,40
0.4,5000,5,40
0.4,5000,6,40
0.4,5000,7,40
0.4,5000,8,40
0.4,5000,9,40
0.4,5000,10,41
0.4,5000,11,41
0.4,5000,12,41
0.4,5000,13,41
0.4,5000,14,40
0.4,5000,15,40
0.4,5000,16,40
0.4,5000,17,42
0.4,5000,18,41
0.4,5000,19,41
0.4,5000,20,40
0.4,5000,21,40
0.4,5000,22,40
0.4,5000,23,41
0.4,5000,24,40
0.4,5000,25,40
0.4,5000,26,40
0.4,5000,27,40
0.4,5000,28,40
0.4,5000,29,40
0.4,5000,30,40
0.4,5000,31,40
0.4,5000,32,40
0.4,5000,33,40
0.4,5000,34,40
0.4,5000,35,40
0.4,5000,36,40
0.4,5000,37,40
0.4,5000,38,40
0.4,5000,39,40
0.4,5000,40,40
0.4,5000,41,41
0.4,5000,42,42
0.4,5000,43,40
0.4,5000,44,40
0.4,5000,45,41
0.4,5000,46,40
0.4,5000,47,40
0.4,5000,48,41
0.4,5000,49,40
0.4,5000,50,41
0.4,5000,51,41
0.4,5000,52,40
0.4,5000,53,40
0.4,5000,54,40
0.4,5000,55,40
0.4,5000,56,40
0.4,5000,57,40
0.4,5000,58,40
0.4,5000,59,41
0.4,5000,60,40
0.4,5000,61,40
0.4,5000,62,40
0.4,5000,63,40
0.4,5000,64,40
0.4,5000,65,41
0.4,5000,66,40
0.4,5000,67,41
0.4,5000,68,40
0.4,5000,69,40
0.4,5000,70,40
0.4,5000,71,40
0.4,5000,72,40
0.4,5000,73,40
0.4,5000,74,40
0.4,5000,75,41
0.4,5000,76,40
0.4,5000,77,40
0.4,5000,78,41
0.4,5000,79,40
0.4,5000,80,40
0.4,5000,81,40
0.4,5000,82,40
0.4,5000,83,41
0.4,5000,84,40
0.4,5000,85,40
0.4,5000,86,41
0.4,5000,87,40
0.4,5000,88,40
0.4,5000,89,40
0.4,5000,90,40
0.4,5000,91,40
0.4,5000,92,41
0.4,5000,93,40
0.4,5000,94,40
0.4,5000,95,40
0.4,5000,96,40
0.4,5000,97,40
0.4,5000,98,40
0.4,5000,99,40
1.0,100,0,1
1.0,100,1,1
1.0,100,2,1
1.0,100,3,2
1.0,100,4,2
1.0,100,5,1
1.0,100,6,2
1.0,100,7,1
1.0,100,8,1
1.0,100,9,1
1.0,100,10,1
1.0,100,11,2
1.0,100,12,2
1.0,100,13,1
1.0,100,14,1
1.0,100,15,1
1.0,100,16,1
1.0,100,17,1
1.0,100,18,2
1.0,100,19,2
1.0,100,20,2
1.0,100,21,2
1.0,100,22,2
1.0,100,23,1
1.0,100,24,2
1.0,100,25,1
1.0,100,26,2
1.0,100,27,1
1.0,100,28,1
1.0,100,29,2
1.0,100,30,1
1.0,100,31,2
1.0,100,32,1
1.0,100,33,2
1.0,100,34,1
1.0,100,35,2
1.0,100,36,2
1.0,100,37,2
1.0,100,38,1
1.0,100,39,1
1.0,100,40,1
1.0,100,41,1
1.0,100,42,2
1.0,100,43,1
1.0,100,44,2
1.0,100,45,2
1.0,100,46,1
1.0,100,47,2
1.0,100,48,1
1.0,100,49,1
1.0,100,50,1
1.0,100,51,1
1.0,100,52,1
1.0,100,53,1
1.0,100,54,1
1.0,100,55,2
1.0,100,56,1
1.0,100,57,1
1.0,100,58,2
1.0,100,59,2
1.0,100,60,2
1.0,100,61,2
1.0,100,62,2
1.0,100,63,2
1.0,100,64,1
1.0,100,65,2
1.0,100,66,2
1.0,100,67,2
1.0,100,68,2
1.0,100,69,1
1.0,100,70,2
1.0,100,71,2
1.0,100,72,2
1.0,100,73,1
1.0,100,74,2
1.0,100,75,1
1.0,100,76,1
1.0,100,77,1
1.0,100,78,2
1.0,100,79,2
1.0,100,80,2
1.0,100,81,2
1.0,100,82,2
1.0,100,83,2
1.0,100,84,1
1.0,100,85,2
1.0,100,86,2
1.0,100,87,2
1.0,100,88,2
1.0,100,89,1
1.0,100,90,2
1.0,100,91,1
1.0,100,92,1
1.0,100,93,1
1.0,100,94,1
1.0,100,95,1
1.0,100,96,1
1.0,100,97,1
1.0,100,98,1
1.0,100,99,1
1.0,500,0,4
1.0,500,1,5
1.0,500,2,4
1.0,500,3,4
1.0,500,4,4
1.0,500,5,4
1.0,500,6,4
1.0,500,7,4
1.0,500,8,4
1.0,500,9,4
1.0,500,10,4
1.0,500,11,4
1.0,500,12,4
1.0,500,13,4
1.0,500,14,4
1.0,500,15,4
1.0,500,16,4
1.0,500,17,4
1.0,500,18,4
1.0,500,19,4
1.0,500,20,4
1.0,500,21,4
1.0,500,22,4
1.0,500,23,4
1.0,500,24,4
1.0,500,25,4
1.0,500,26,4
1.0,500,27,4
1.0,500,28,4
1.0,500,29,5
1.0,500,30,4
1.0,500,31,4
1.0,500,32,4
1.0,500,33,4
1.0,500,34,4
1.0,500,35,4
1.0,500,36,4
1.0,500,37,4
1.0,500,38,4
1.0,500,39,4
1.0,500,40,4
1.0,500,41,4
1.0,500,42,4
1.0,500,43,4
1.0,500,44,4
1.0,500,45,4
1.0,500,46,4
1.0,500,47,4
1.0,500,48,4
1.0,500,49,4
1.0,500,50,4
1.0,500,51,5
1.0,500,52,4
1.0,500,53,4
1.0,500,54,4
1.0,500,55,4
1.0,500,56,5
1.0,500,57,4
1.0,500,58,4
1.0,500,59,4
1.0,500,60,4
1.0,500,61,4
1.0,500,62,4
1.0,500,63,4
1.0,500,64,4
1.0,500,65,4
1.0,500,66,4
1.0,500,67,4
1.0,500,68,4
1.0,500,69,4
1.0,500,70,4
1.0,500,71,4
1.0,500,72,4
1.0,500,73,4
1.0,500,74,4
1.0,500,75,4
1.0,500,76,4
1.0,500,77,4
1.0,500,78,4
1.0,500,79,4
1.0,500,80,4
1.0,500,81,4
1.0,500,82,4
1.0,500,83,4
1.0,500,84,4
1.0,500,85,4
1.0,500,86,4
1.0,500,87,5
1.0,500,88,4
1.0,500,89,4
1.0,500,90,4
1.0,500,91,4
1.0,500,92,4
1.0,500,93,4
1.0,500,94,4
1.0,500,95,4
1.0,500,96,4
1.0,500,97,4
1.0,500,98,4
1.0,500,99,4
1.0,5000,0,8
1.0,5000,1,8
1.0,5000,2,8
1.0,5000,3,8
1.0,5000,4,8
1.0,5000,5,8
1.0,5000,6,8
1.0,5000,7,8
1.0,5000,8,8
1.0,5000,9,8
1.0,5000,10,8
1.0,5000,11,8
1.0,5000,12,8
1.0,5000,13,8
1.0,5000,14,8
1.0,5000,15,8
1.0,5000,16,8
1.0,5000,17,8
1.0,5000,18,8
1.0,5000,19,8
1.0,5000,20,8
1.0,5000,21,8
1.0,5000,22,8
1.0,5000,23,8
1.0,5000,24,8
1.0,5000,25,8
1.0,5000,26,8
1.0,5000,27,9
1.0,5000,28,8
1.0,5000,29,8
1.0,5000,30,8
1.0,5000,31,8
1.0,5000,32,8
1.0,5000,33,8
1.0,5000,34,8
1.0,5000,35,8
1.0,5000,36,8
1.0,5000,37,8
1.0,5000,38,8
1.0,5000,39,8
1.0,5000,40,8
1.0,5000,41,8
1.0,5000,42,8
1.0,5000,43,8
1.0,5000,44,8
1.0,5000,45,8
1.0,5000,46,8
1.0,5000,47,8
1.0,5000,48,8
1.0,5000,49,8
1.0,5000,50,9
1.0,5000,51,8
1.0,5000,52,8
1.0,5000,53,8
1.0,5000,54,8
1.0,5000,55,8
1.0,5000,56,8
1.0,5000,57,8
1.0,5000,58,8
1.0,5000,59,8
1.0,5000,60,8
1.0,5000,61,8
1.0,5000,62,8
1.0,5000,63,8
1.0,5000,64,9
1.0,5000,65,8
1.0,5000,66,8
1.0,5000,67,8
1.0,5000,68,8
1.0,5000,69,8
1.0,5000,70,8
1.0,5000,71,8
1.0,5000,72,8
1.0,5000,73,8
1.0,5000,74,8
1.0,5000,75,8
1.0,5000,76,8
1.0,5000,77,8
1.0,5000,78,8
1.0,5000,79,8
1.0,5000,80,9
1.0,5000,81,8
1.0,5000,82,8
1.0,5000,83,8
1.0,5000,84,8
1.0,5000,85,8
1.0,5000,86,8
1.0,5000,87,8
1.0,5000,88,8
1.0,5000,89,8
1.0,5000,90,8
1.0,5000,91,8
1.0,5000,92,8
1.0,5000,93,8
1.0,5000,94,8
1.0,5000,95,8
1.0,5000,96,8
1.0,5000,97,8
1.0,5000,98,8
1.0,5000,99,8
