model,samples_per_state,repeat,discovered_ari_to_hidden_families,discovered_group_count,discovered_min_group_size,discovered_max_group_size,discovered_population_closure_tv,hidden_population_closure_tv,discovered_heldout_closure_tv,hidden_heldout_closure_tv,random_median_heldout_closure_tv,random_best_heldout_closure_tv,discovered_heldout_macro_log_loss,hidden_heldout_macro_log_loss,random_median_heldout_macro_log_loss
eta_0,100,0,1.0,8,6,6,3.903127820947816e-18,3.903127820947816e-18,0.08536147902869758,0.08536147902869758,0.19746067880794704,0.17447157836644592,1.511130405968173,1.511130405968173,2.0567817413509055
eta_0,100,1,1.0,8,6,6,3.903127820947816e-18,3.903127820947816e-18,0.08361065121412803,0.08361065121412803,0.1939103890728477,0.17496067880794705,1.4842688892493772,1.4842688892493772,2.055161685316307
eta_0,100,2,1.0,8,6,6,3.903127820947816e-18,3.903127820947816e-18,0.09075883002207506,0.09075883002207508,0.1967632450331126,0.1795612582781457,1.5082553236477232,1.5082553236477232,2.0546004669602222
eta_0,100,3,1.0,8,6,6,3.903127820947816e-18,3.903127820947816e-18,0.09487444812362032,0.09487444812362034,0.1956608719646799,0.16535596026490065,1.4988777373410824,1.4988777373410822,2.060264064614529
eta_0,100,4,1.0,8,6,6,3.903127820947816e-18,3.903127820947816e-18,0.08808429911699779,0.08808429911699779,0.19688983167770419,0.1780194536423841,1.4769289679741135,1.4769289679741138,2.05472479687228
eta_0,100,5,1.0,8,6,6,3.903127820947816e-18,3.903127820947816e-18,0.09321330022075057,0.09321330022075057,0.1974072157836645,0.17411423841059603,1.497207487963944,1.497207487963944,2.0559991437731897
eta_0,100,6,1.0,8,6,6,3.903127820947816e-18,3.903127820947816e-18,0.08521868101545253,0.08521868101545253,0.19704884105960266,0.16808843818984545,1.478246580464596,1.478246580464596,2.0577507827520236
eta_0,100,7,1.0,8,6,6,3.903127820947816e-18,3.903127820947816e-18,0.08134243929359823,0.08134243929359823,0.19415080022075057,0.16342370309050772,1.4879938170272677,1.487993817027268,2.058275511986267
eta_0,100,8,1.0,8,6,6,3.903127820947816e-18,3.903127820947816e-18,0.09742618653421635,0.09742618653421635,0.19729925496688744,0.17281043046357616,1.4878362440906883,1.487836244090688,2.052041156704242
eta_0,100,9,1.0,8,6,6,3.903127820947816e-18,3.903127820947816e-18,0.08963783112582781,0.08963783112582781,0.19353649282560706,0.1778828642384106,1.499892349960525,1.499892349960525,2.0545033650106683
eta_0,100,10,1.0,8,6,6,3.903127820947816e-18,3.903127820947816e-18,0.09581746688741721,0.09581746688741721,0.1996116169977925,0.17412113686534217,1.4898253414093174,1.4898253414093174,2.0517664826186355
eta_0,100,11,1.0,8,6,6,3.903127820947816e-18,3.903127820947816e-18,0.08787803532008831,0.08787803532008831,0.19678600993377485,0.1701655629139073,1.4952262120529227,1.4952262120529227,2.057908096197297
eta_0,100,12,1.0,8,6,6,3.903127820947816e-18,3.903127820947816e-18,0.0835692604856512,0.0835692604856512,0.20019281181015453,0.17862513796909493,1.4850328608633994,1.4850328608633994,2.0561120002235223
eta_0,100,13,1.0,8,6,6,3.903127820947816e-18,3.903127820947816e-18,0.09198813465783666,0.09198813465783666,0.20285423565121416,0.1763389900662252,1.5007449314555819,1.5007449314555819,2.0581843259475012
eta_0,100,14,1.0,8,6,6,3.903127820947816e-18,3.903127820947816e-18,0.08571399006622515,0.08571399006622517,0.20023489238410597,0.17588645143487858,1.4863306137256158,1.4863306137256158,2.0542093844054494
eta_0,100,15,1.0,8,6,6,3.903127820947816e-18,3.903127820947816e-18,0.09215300772626933,0.09215300772626933,0.1978366445916115,0.17169564017660044,1.4816360064011813,1.4816360064011813,2.0541971903768452
eta_0,100,16,1.0,8,6,6,3.903127820947816e-18,3.903127820947816e-18,0.08307326158940397,0.08307326158940398,0.19624586092715235,0.17186741169977926,1.4764473848657813,1.4764473848657813,2.0561263414996427
eta_0,100,17,1.0,8,6,6,3.903127820947816e-18,3.903127820947816e-18,0.08976062362030905,0.08976062362030905,0.2000203504415011,0.17130242825607067,1.4562351747248408,1.4562351747248408,2.0568956612296034
eta_0,100,18,1.0,8,6,6,3.903127820947816e-18,3.903127820947816e-18,0.09341818432671083,0.09341818432671083,0.19935844370860925,0.168103614790287,1.474561960209753,1.474561960209753,2.05402465759042
eta_0,100,19,1.0,8,6,6,3.903127820947816e-18,3.903127820947816e-18,0.07865687086092715,0.07865687086092715,0.20142660044150112,0.1759519867549669,1.4765895728344969,1.4765895728344969,2.052862748637648
eta_0,100,20,1.0,8,6,6,3.903127820947816e-18,3.903127820947816e-18,0.08808360927152319,0.08808360927152319,0.20116721854304637,0.1702511037527594,1.4844466706387158,1.4844466706387156,2.0549312988971544
eta_0,100,21,1.0,8,6,6,3.903127820947816e-18,3.903127820947816e-18,0.08271040286975719,0.08271040286975719,0.19363100165562913,0.1673427152317881,1.509024803050207,1.509024803050207,2.059522851403049
eta_0,100,22,1.0,8,6,6,3.903127820947816e-18,3.903127820947816e-18,0.09127552428256071,0.09127552428256071,0.1920191777041943,0.17598854856512144,1.516215760766189,1.516215760766189,2.0566793756510595
eta_0,100,23,1.0,8,6,6,3.903127820947816e-18,3.903127820947816e-18,0.09256346578366448,0.09256346578366446,0.20292287527593822,0.18254070088300223,1.4779878460838145,1.4779878460838145,2.056467984494147
eta_0,100,24,1.0,8,6,6,3.903127820947816e-18,3.903127820947816e-18,0.09585402869757176,0.09585402869757176,0.19436292770419425,0.16066570088300222,1.5028714282577886,1.5028714282577886,2.0572352186756424
eta_0,100,25,1.0,8,6,6,3.903127820947816e-18,3.903127820947816e-18,0.09216818432671081,0.09216818432671081,0.19608098785871964,0.17435775386313468,1.5134998262012689,1.5134998262012687,2.0563355374316714
eta_0,100,26,1.0,8,6,6,3.903127820947816e-18,3.903127820947816e-18,0.08993791390728478,0.08993791390728478,0.19899661975717442,0.17579401214128035,1.489219121632434,1.489219121632434,2.0541432234086963
eta_0,100,27,1.0,8,6,6,3.903127820947816e-18,3.903127820947816e-18,0.09211575607064017,0.09211575607064017,0.19904628863134655,0.17965645695364238,1.4905467963809,1.4905467963809003,2.0517196328778446
eta_0,100,28,1.0,8,6,6,3.903127820947816e-18,3.903127820947816e-18,0.08980822295805739,0.0898082229580574,0.20322778697571747,0.17901766004415012,1.481277600941104,1.481277600941104,2.0537387717169686
eta_0,100,29,1.0,8,6,6,3.903127820947816e-18,3.903127820947816e-18,0.09821330022075055,0.09821330022075055,0.19883450607064018,0.1762182671081678,1.474241401825937,1.4742414018259369,2.0524104911331023
eta_0,500,0,1.0,8,6,6,3.903127820947816e-18,3.903127820947816e-18,0.04212094984465157,0.04212094984465157,0.17107516367066133,0.14019842987128273,1.4785983175854303,1.4785983175854303,2.0502998717634657
eta_0,500,1,1.0,8,6,6,3.903127820947816e-18,3.903127820947816e-18,0.04059723146915224,0.04059723146915224,0.16716371227252552,0.13693833222370175,1.5047085038962071,1.504708503896207,2.0552419657914793
eta_0,500,2,1.0,8,6,6,3.903127820947816e-18,3.903127820947816e-18,0.03922139924545051,0.03922139924545051,0.1740694074567244,0.15259110075454949,1.4838172547496216,1.4838172547496216,2.0519783061373373
eta_0,500,3,1.0,8,6,6,3.903127820947816e-18,3.903127820947816e-18,0.03921637816245006,0.03921637816245006,0.17335631657789613,0.1371747669773635,1.4888166138983676,1.4888166138983676,2.0495673152854943
eta_0,500,4,1.0,8,6,6,3.903127820947816e-18,3.903127820947816e-18,0.03792157678650688,0.03792157678650688,0.17312400133155792,0.14318056480248556,1.487063988326773,1.487063988326773,2.049020597358246
eta_0,500,5,1.0,8,6,6,3.903127820947816e-18,3.903127820947816e-18,0.039206613404349756,0.039206613404349756,0.17089183865956503,0.14834362516644473,1.483963194841237,1.483963194841237,2.0524474273791
eta_0,500,6,1.0,8,6,6,3.903127820947816e-18,3.903127820947816e-18,0.037239458499778076,0.037239458499778076,0.1710580198624057,0.14568702840656902,1.490087368348116,1.490087368348116,2.0522729888790905
eta_0,500,7,1.0,8,6,6,3.903127820947816e-18,3.903127820947816e-18,0.04287929982245895,0.04287929982245895,0.1747246033067022,0.1528004327563249,1.4822075758173712,1.4822075758173712,2.0518463047265274
eta_0,500,8,1.0,8,6,6,3.903127820947816e-18,3.903127820947816e-18,0.03902582667554372,0.03902582667554372,0.1722934559476254,0.13261676098535288,1.4844072089904228,1.4844072089904228,2.0497600607562543
eta_0,500,9,1.0,8,6,6,3.903127820947816e-18,3.903127820947816e-18,0.0416190912117177,0.04161909121171771,0.17142149356413672,0.1441114347536618,1.483893973085843,1.483893973085843,2.0506237225286497
eta_0,500,10,1.0,8,6,6,3.903127820947816e-18,3.903127820947816e-18,0.04025848868175765,0.04025848868175765,0.17005410841100754,0.14750737905015535,1.4857265895281593,1.4857265895281595,2.0492758846838566
eta_0,500,11,1.0,8,6,6,3.903127820947816e-18,3.903127820947816e-18,0.03595395028850421,0.03595395028850421,0.17027851753217932,0.14534079560585886,1.4921049583707335,1.4921049583707335,2.052235814612987
eta_0,500,12,1.0,8,6,6,3.903127820947816e-18,3.903127820947816e-18,0.04128248446515756,0.04128248446515756,0.17032073901464712,0.1452063914780293,1.496723035215365,1.496723035215365,2.0533984601998894
eta_0,500,13,1.0,8,6,6,3.903127820947816e-18,3.903127820947816e-18,0.04077477252552152,0.04077477252552152,0.1731412144917887,0.12977690856635596,1.4818352314454701,1.4818352314454701,2.0513117107690855
eta_0,500,14,1.0,8,6,6,3.903127820947816e-18,3.903127820947816e-18,0.04170955392809587,0.04170955392809587,0.16851034731469153,0.13615853861517976,1.4982401770904328,1.4982401770904332,2.0541871135924925
eta_0,500,15,1.0,8,6,6,3.903127820947816e-18,3.903127820947816e-18,0.0442513870395029,0.0442513870395029,0.17542166000887707,0.15061118508655127,1.4900376631314851,1.4900376631314853,2.048834561214269
eta_0,500,16,1.0,8,6,6,3.903127820947816e-18,3.903127820947816e-18,0.041656374833555256,0.041656374833555256,0.1648810058810475,0.14106333222370174,1.4907706163075807,1.490770616307581,2.054643652110137
eta_0,500,17,1.0,8,6,6,3.903127820947816e-18,3.903127820947816e-18,0.03760361185086551,0.03760361185086551,0.17400658843763872,0.14737397359076787,1.4857535817883911,1.4857535817883911,2.049304773256777
eta_0,500,18,1.0,8,6,6,3.903127820947816e-18,3.903127820947816e-18,0.03984847980470484,0.039848479804704844,0.17091269973368842,0.1510000554815801,1.485840051856099,1.4858400518560992,2.0505320186572216
eta_0,500,19,1.0,8,6,6,3.903127820947816e-18,3.903127820947816e-18,0.04024653240124279,0.04024653240124279,0.17091493286728804,0.14387169884598314,1.4843154289525946,1.4843154289525944,2.05486892238018
eta_0,500,20,1.0,8,6,6,3.903127820947816e-18,3.903127820947816e-18,0.03947791833111407,0.03947791833111407,0.16990905181979582,0.1473179371948513,1.4880008691037323,1.4880008691037323,2.054961099177322
eta_0,500,21,1.0,8,6,6,3.903127820947816e-18,3.903127820947816e-18,0.038387067243675105,0.038387067243675105,0.16588440412782957,0.14722117731913006,1.4890893838666621,1.489089383866662,2.050762079259264
eta_0,500,22,1.0,8,6,6,3.903127820947816e-18,3.903127820947816e-18,0.04409082334664891,0.044090823346648905,0.17149094263204617,0.15314852418996894,1.4920150568226185,1.4920150568226187,2.0504802148853973
eta_0,500,23,1.0,8,6,6,3.903127820947816e-18,3.903127820947816e-18,0.03915673546382601,0.03915673546382601,0.1699146554593875,0.13647716932978252,1.4999353441369192,1.4999353441369192,2.050589878484418
eta_0,500,24,1.0,8,6,6,3.903127820947816e-18,3.903127820947816e-18,0.03666178428761652,0.03666178428761651,0.16977435641367067,0.14843195184198846,1.4951500192045757,1.4951500192045757,2.0504898901223023
eta_0,500,25,1.0,8,6,6,3.903127820947816e-18,3.903127820947816e-18,0.04027166555703506,0.04027166555703506,0.17278353861517975,0.1363851808699512,1.491554504314788,1.491554504314788,2.049096701724037
eta_0,500,26,1.0,8,6,6,3.903127820947816e-18,3.903127820947816e-18,0.039406319351975146,0.039406319351975146,0.16827506380381715,0.14732071127385707,1.4893268061516591,1.4893268061516591,2.052232003486136
eta_0,500,27,1.0,8,6,6,3.903127820947816e-18,3.903127820947816e-18,0.04193092543275632,0.04193092543275632,0.16827819851309367,0.1399275965379494,1.501387976814772,1.501387976814772,2.052231299831468
eta_0,500,28,1.0,8,6,6,3.903127820947816e-18,3.903127820947816e-18,0.04048790501553484,0.040487905015534835,0.17178456502441192,0.13961248890368397,1.485936916791326,1.485936916791326,2.050404032058531
eta_0,500,29,1.0,8,6,6,3.903127820947816e-18,3.903127820947816e-18,0.0427926930758988,0.0427926930758988,0.16820786173990235,0.15159587217043943,1.496574639072358,1.496574639072358,2.049628296562834
eta_0,5000,0,1.0,8,6,6,3.903127820947816e-18,3.903127820947816e-18,0.01379424021241612,0.01379424021241612,0.16331119878460648,0.126653599520064,1.4886794700225814,1.4886794700225816,2.052329360083829
eta_0,5000,1,1.0,8,6,6,3.903127820947816e-18,3.903127820947816e-18,0.012523682953383996,0.012523682953383996,0.1625835569146336,0.13663953917255478,1.4887376523400189,1.4887376523400189,2.0508721260469334
eta_0,5000,2,1.0,8,6,6,3.903127820947816e-18,3.903127820947816e-18,0.012291894414078129,0.012291894414078129,0.1681258171132738,0.14285603030707017,1.4873262922131152,1.4873262922131152,2.0448210805126283
eta_0,5000,3,1.0,8,6,6,3.903127820947816e-18,3.903127820947816e-18,0.012896982624538937,0.012896982624538937,0.1633797913056037,0.14220502155268186,1.4845861443035353,1.4845861443035353,2.0554836088427013
eta_0,5000,4,1.0,8,6,6,3.903127820947816e-18,3.903127820947816e-18,0.013789786917299915,0.013789786917299915,0.16898316196729324,0.13941035195307291,1.4897679418223997,1.4897679418223997,2.0487502062096805
eta_0,5000,5,1.0,8,6,6,3.903127820947816e-18,3.903127820947816e-18,0.013023852375238856,0.013023852375238856,0.16260251383148916,0.1370166255610363,1.4895342904090498,1.4895342904090498,2.0523847463903615
eta_0,5000,6,1.0,8,6,6,3.903127820947816e-18,3.903127820947816e-18,0.013559021574901124,0.013559021574901122,0.1633301690330178,0.1310388364884682,1.4891429525532658,1.4891429525532656,2.0539494131216713
eta_0,5000,7,1.0,8,6,6,3.903127820947816e-18,3.903127820947816e-18,0.012734284317646545,0.012734284317646545,0.16387206844642938,0.12780452384126562,1.4910403328302562,1.4910403328302564,2.0499333736865664
eta_0,5000,8,1.0,8,6,6,3.903127820947816e-18,3.903127820947816e-18,0.013243651402035287,0.013243651402035287,0.16822403985024217,0.13457501888637072,1.4884749346874204,1.4884749346874204,2.0477832609987625
eta_0,5000,9,1.0,8,6,6,3.903127820947816e-18,3.903127820947816e-18,0.0127194474070124,0.012719447407012403,0.1639425873772386,0.13703087032840067,1.4861339167851417,1.4861339167851417,2.05180169635332
eta_0,5000,10,1.0,8,6,6,3.903127820947816e-18,3.903127820947816e-18,0.012299247878060702,0.012299247878060702,0.16559778668399766,0.1367265620139537,1.4917251302090706,1.4917251302090706,2.050799374327454
eta_0,5000,11,1.0,8,6,6,3.903127820947816e-18,3.903127820947816e-18,0.01322683308892148,0.01322683308892148,0.16755121872639206,0.13463142858729946,1.4887335626223,1.4887335626223,2.048427486363401
eta_0,5000,12,1.0,8,6,6,3.903127820947816e-18,3.903127820947816e-18,0.01313269397413678,0.01313269397413678,0.1615041625005555,0.13384609440963427,1.486209032269909,1.486209032269909,2.049340507323773
eta_0,5000,13,1.0,8,6,6,3.903127820947816e-18,3.903127820947816e-18,0.013176893080922547,0.013176893080922547,0.16183221764875796,0.1390618073145803,1.4887846594214544,1.4887846594214542,2.0547234971025157
eta_0,5000,14,1.0,8,6,6,3.903127820947816e-18,3.903127820947816e-18,0.013024993334222107,0.013024993334222107,0.16593911117406568,0.14222824178998356,1.4860377993042029,1.4860377993042029,2.050390516562289
eta_0,5000,15,1.0,8,6,6,3.903127820947816e-18,3.903127820947816e-18,0.011969533506643551,0.011969533506643551,0.16503558136692886,0.13851394147447008,1.4848270448250869,1.4848270448250867,2.0494707046755085
eta_0,5000,16,1.0,8,6,6,3.903127820947816e-18,3.903127820947816e-18,0.013433192241034524,0.013433192241034524,0.1663422218704173,0.13732513942585434,1.4854160606546354,1.4854160606546356,2.0517349589263976
eta_0,5000,17,1.0,8,6,6,3.903127820947816e-18,3.903127820947816e-18,0.01209461571790428,0.01209461571790428,0.16291385204194994,0.1301123655734791,1.4872284767890316,1.4872284767890316,2.0534527984897526
eta_0,5000,18,1.0,8,6,6,3.903127820947816e-18,3.903127820947816e-18,0.013819094120783892,0.013819094120783892,0.16565908156690218,0.1390700389948007,1.4900312564141205,1.4900312564141205,2.0478523271011326
eta_0,5000,19,1.0,8,6,6,3.903127820947816e-18,3.903127820947816e-18,0.012321727103052927,0.012321727103052927,0.16581259804248322,0.13816964404746032,1.4863779117621434,1.4863779117621434,2.0499815165505124
eta_0,5000,20,1.0,8,6,6,3.903127820947816e-18,3.903127820947816e-18,0.013502735190863433,0.013502735190863433,0.16485988562636095,0.13413350608807714,1.4881872229721764,1.4881872229721766,2.0514494516079482
eta_0,5000,21,1.0,8,6,6,3.903127820947816e-18,3.903127820947816e-18,0.013263026040972301,0.013263026040972301,0.1638807950606586,0.13851591732213483,1.4923711508704995,1.4923711508704995,2.049712552180975
eta_0,5000,22,1.0,8,6,6,3.903127820947816e-18,3.903127820947816e-18,0.013009195440607914,0.013009195440607914,0.16500847914722483,0.1212109763142692,1.4896188413467293,1.4896188413467293,2.0498234619309788
eta_0,5000,23,1.0,8,6,6,3.903127820947816e-18,3.903127820947816e-18,0.012966499466737766,0.012966499466737766,0.16457513581522462,0.13839073123583523,1.4893536354785515,1.4893536354785513,2.0479735014273883
eta_0,5000,24,1.0,8,6,6,3.903127820947816e-18,3.903127820947816e-18,0.012511434031018088,0.012511434031018088,0.163532552881838,0.13466410978536195,1.4893390824294865,1.4893390824294868,2.053348812210954
eta_0,5000,25,1.0,8,6,6,3.903127820947816e-18,3.903127820947816e-18,0.013969477958494422,0.013969477958494422,0.16189122478114032,0.1376084572057059,1.4887066299282037,1.488706629928204,2.05321245325721
eta_0,5000,26,1.0,8,6,6,3.903127820947816e-18,3.903127820947816e-18,0.011943681953517311,0.011943681953517311,0.16795654107230146,0.1337300837666089,1.4858267550026707,1.4858267550026707,2.047812992839525
eta_0,5000,27,1.0,8,6,6,3.903127820947816e-18,3.903127820947816e-18,0.012673055259298757,0.012673055259298757,0.1650461419033018,0.12388038039372529,1.4868235175306275,1.486823517530628,2.052088564593615
eta_0,5000,28,1.0,8,6,6,3.903127820947816e-18,3.903127820947816e-18,0.012367099942229927,0.012367099942229927,0.1624723381326934,0.12738309336532908,1.487703326610331,1.487703326610331,2.0505420252233515
eta_0,5000,29,1.0,8,6,6,3.903127820947816e-18,3.903127820947816e-18,0.0143951089854686,0.0143951089854686,0.1644847528662845,0.1365475058881038,1.4900560813487371,1.490056081348737,2.050503866100909
eta_0.02,100,0,1.0,8,6,6,4.5102810375396984e-17,4.5102810375396984e-17,0.09346026490066227,0.09346026490066227,0.19240514624724062,0.16570916114790288,1.509595318809821,1.5095953188098208,2.051971557172957
eta_0.02,100,1,1.0,8,6,6,4.5102810375396984e-17,4.5102810375396984e-17,0.08690604304635761,0.08690604304635761,0.18996654249448125,0.1734105960264901,1.5109857784416427,1.5109857784416427,2.0560441403405774
eta_0.02,100,2,1.0,8,6,6,4.5102810375396984e-17,4.5102810375396984e-17,0.09070226269315675,0.09070226269315675,0.19668839679911704,0.16575883002207506,1.4932035635933634,1.4932035635933634,2.05183552767284
eta_0.02,100,3,1.0,8,6,6,4.5102810375396984e-17,4.5102810375396984e-17,0.08781939845474614,0.08781939845474614,0.19405560154525386,0.16409009381898457,1.4999315239201256,1.4999315239201256,2.047204148843953
eta_0.02,100,4,1.0,8,6,6,4.5102810375396984e-17,4.5102810375396984e-17,0.08096095474613688,0.08096095474613688,0.19305567052980133,0.1745136589403974,1.4823487162628963,1.4823487162628963,2.0546810194871483
eta_0.02,100,5,1.0,8,6,6,4.5102810375396984e-17,4.5102810375396984e-17,0.09406525938189847,0.09406525938189847,0.1943960402869757,0.1751007174392936,1.4945924646207698,1.4945924646207698,2.055821867248762
eta_0.02,100,6,1.0,8,6,6,4.5102810375396984e-17,4.5102810375396984e-17,0.08623482339955851,0.08623482339955851,0.19831746688741725,0.17952400662251655,1.4772804822151147,1.4772804822151147,2.0561414932701276
eta_0.02,100,7,1.0,8,6,6,4.5102810375396984e-17,4.5102810375396984e-17,0.08891211368653423,0.08891211368653423,0.1917170253863135,0.1674951710816777,1.5185215198048798,1.5185215198048798,2.0554945935401525
eta_0.02,100,8,1.0,8,6,6,4.5102810375396984e-17,4.5102810375396984e-17,0.08853476821192052,0.08853476821192052,0.19699503311258282,0.17213369205298013,1.485748776170434,1.4857487761704338,2.0505303372476176
eta_0.02,100,9,1.0,8,6,6,4.5102810375396984e-17,4.5102810375396984e-17,0.09387072295805739,0.09387072295805739,0.19605063465783662,0.17442811810154524,1.4815731625480448,1.4815731625480448,2.0571105967662375
eta_0.02,100,10,1.0,8,6,6,4.5102810375396984e-17,4.5102810375396984e-17,0.08641763245033113,0.08641763245033113,0.19773385761589402,0.17112720750551877,1.4801144433107083,1.4801144433107085,2.0544939514655205
eta_0.02,100,11,1.0,8,6,6,4.5102810375396984e-17,4.5102810375396984e-17,0.08921702538631349,0.08921702538631349,0.1969746826710817,0.17521247240618107,1.4613808304361728,1.4613808304361728,2.0535948769235164
eta_0.02,100,12,1.0,8,6,6,4.5102810375396984e-17,4.5102810375396984e-17,0.08938465783664461,0.08938465783664461,0.19402524834437085,0.17694191501103754,1.4830187044471672,1.4830187044471672,2.054219622961816
eta_0.02,100,13,1.0,8,6,6,4.5102810375396984e-17,4.5102810375396984e-17,0.09148247792494481,0.09148247792494481,0.1857298565121413,0.16707574503311262,1.5034578688469553,1.5034578688469553,2.0557713020405566
eta_0.02,100,14,1.0,8,6,6,4.5102810375396984e-17,4.5102810375396984e-17,0.08977442052980134,0.08977442052980134,0.19937224061810155,0.1781850165562914,1.4714938384883716,1.4714938384883716,2.048802768438639
eta_0.02,100,15,1.0,8,6,6,4.5102810375396984e-17,4.5102810375396984e-17,0.08914735099337749,0.08914735099337749,0.19362444812362034,0.17171840507726266,1.4994456965866367,1.4994456965866367,2.053769666067142
eta_0.02,100,16,1.0,8,6,6,4.5102810375396984e-17,4.5102810375396984e-17,0.0843294701986755,0.0843294701986755,0.19494136313465787,0.17774213576158945,1.4810158370428266,1.4810158370428266,2.0499100624942015
eta_0.02,100,17,1.0,8,6,6,4.5102810375396984e-17,4.5102810375396984e-17,0.09855891280353202,0.09855891280353202,0.19805532560706404,0.17124862030905078,1.5035566026461764,1.5035566026461766,2.055075723676084
eta_0.02,100,18,1.0,8,6,6,4.5102810375396984e-17,4.5102810375396984e-17,0.08991790838852098,0.08991790838852098,0.19314707505518763,0.17012900110375276,1.5035193994721507,1.5035193994721507,2.055801927254272
eta_0.02,100,19,1.0,8,6,6,4.5102810375396984e-17,4.5102810375396984e-17,0.08964886865342163,0.08964886865342163,0.1929515038631347,0.17284975165562913,1.5020966153095816,1.5020966153095818,2.0578280136283893
eta_0.02,100,20,1.0,8,6,6,4.5102810375396984e-17,4.5102810375396984e-17,0.09071743929359825,0.09071743929359825,0.19541425220750552,0.1767542770419426,1.4846303718883787,1.4846303718883784,2.0488086190697796
eta_0.02,100,21,1.0,8,6,6,4.5102810375396984e-17,4.5102810375396984e-17,0.08634174944812363,0.08634174944812363,0.19515624999999998,0.17846854304635762,1.4928979909434545,1.4928979909434545,2.05301824238341
eta_0.02,100,22,1.0,8,6,6,4.5102810375396984e-17,4.5102810375396984e-17,0.08490066225165564,0.08490066225165564,0.19941535596026488,0.17482133002207503,1.4602574228667613,1.4602574228667613,2.051303217795383
eta_0.02,100,23,1.0,8,6,6,4.5102810375396984e-17,4.5102810375396984e-17,0.0890224889624724,0.0890224889624724,0.19516418322295806,0.17439086644591614,1.4837288279117606,1.4837288279117606,2.0536064086551296
eta_0.02,100,24,1.0,8,6,6,4.5102810375396984e-17,4.5102810375396984e-17,0.09677773178807947,0.09677773178807948,0.19501655629139072,0.16863134657836645,1.4755288938933,1.4755288938933,2.0549416131194973
eta_0.02,100,25,1.0,8,6,6,4.5102810375396984e-17,4.5102810375396984e-17,0.08858236754966888,0.08858236754966888,0.1970315949227373,0.1634023178807947,1.482497069308564,1.482497069308564,2.0552665097503002
eta_0.02,100,26,1.0,8,6,6,4.5102810375396984e-17,4.5102810375396984e-17,0.0905539459161148,0.0905539459161148,0.20118342991169977,0.17293943156732894,1.4684259599705718,1.4684259599705718,2.0450467633137155
eta_0.02,100,27,1.0,8,6,6,4.5102810375396984e-17,4.5102810375396984e-17,0.09059395695364238,0.0905939569536424,0.19463334713024283,0.1675986479028698,1.4825988666791416,1.4825988666791416,2.05290249801301
eta_0.02,100,28,1.0,8,6,6,4.5102810375396984e-17,4.5102810375396984e-17,0.08696192052980134,0.08696192052980134,0.2001352097130243,0.1797923565121413,1.484970323962527,1.484970323962527,2.0556967964426773
eta_0.02,100,29,1.0,8,6,6,4.5102810375396984e-17,4.5102810375396984e-17,0.08887072295805741,0.08887072295805741,0.1924510209713024,0.172317880794702,1.508689869739239,1.508689869739239,2.0569776314407306
eta_0.02,500,0,1.0,8,6,6,4.5102810375396984e-17,4.5102810375396984e-17,0.04009104527296937,0.04009104527296937,0.1666679843541944,0.14884659343098092,1.4880025394302017,1.4880025394302017,2.0455677841307662
eta_0.02,500,1,1.0,8,6,6,4.5102810375396984e-17,4.5102810375396984e-17,0.04189918996893031,0.04189918996893031,0.16829313692853973,0.13807423435419441,1.4938320398497336,1.4938320398497336,2.0487471736404608
eta_0.02,500,2,1.0,8,6,6,4.5102810375396984e-17,4.5102810375396984e-17,0.0422299988903684,0.0422299988903684,0.17235827230359518,0.14487572126054152,1.4827767829184808,1.4827767829184804,2.04906273660629
eta_0.02,500,3,1.0,8,6,6,4.5102810375396984e-17,4.5102810375396984e-17,0.03693458721704395,0.03693458721704395,0.17126339880159785,0.14636010319573903,1.492052195073619,1.492052195073619,2.04993955460597
eta_0.02,500,4,1.0,8,6,6,4.5102810375396984e-17,4.5102810375396984e-17,0.040808671770972034,0.040808671770972034,0.17283097536617842,0.14580320683533068,1.4784664831879073,1.4784664831879073,2.0512284760926285
eta_0.02,500,5,1.0,8,6,6,4.5102810375396984e-17,4.5102810375396984e-17,0.03856372059476254,0.03856372059476254,0.1652282789613848,0.13635305703506437,1.4796974500138256,1.4796974500138256,2.051033928925187
eta_0.02,500,6,1.0,8,6,6,4.5102810375396984e-17,4.5102810375396984e-17,0.03949697625388371,0.03949697625388371,0.17027460608078115,0.14343974700399467,1.481370471477208,1.4813704714772078,2.048726535357549
eta_0.02,500,7,1.0,8,6,6,4.5102810375396984e-17,4.5102810375396984e-17,0.04149411895250777,0.04149411895250777,0.1692050044385264,0.1327053373280071,1.4881018326210516,1.4881018326210516,2.046123504276471
eta_0.02,500,8,1.0,8,6,6,4.5102810375396984e-17,4.5102810375396984e-17,0.03852166555703507,0.03852166555703507,0.1690165057700843,0.1389367232578784,1.4859542503166296,1.4859542503166296,2.0513375536764196
eta_0.02,500,9,1.0,8,6,6,4.5102810375396984e-17,4.5102810375396984e-17,0.04270045494895695,0.04270045494895695,0.17213183810474922,0.150932201509099,1.486292790470793,1.486292790470793,2.0437012793315383
eta_0.02,500,10,1.0,8,6,6,4.5102810375396984e-17,4.5102810375396984e-17,0.0401280237461163,0.0401280237461163,0.17079455170883268,0.1327071127385708,1.4868611805627903,1.4868611805627903,2.0483895631302413
eta_0.02,500,11,1.0,8,6,6,4.5102810375396984e-17,4.5102810375396984e-17,0.041180703506435865,0.041180703506435865,0.16453152740790059,0.1388520583666223,1.4950635065040854,1.4950635065040858,2.051825762487991
eta_0.02,500,12,1.0,8,6,6,4.5102810375396984e-17,4.5102810375396984e-17,0.042468985796715486,0.04246898579671549,0.16608743897026187,0.1285541222814026,1.494200978479756,1.494200978479756,2.0465093036866535
eta_0.02,500,13,1.0,8,6,6,4.5102810375396984e-17,4.5102810375396984e-17,0.03967107745228584,0.03967107745228584,0.16938588826009765,0.1447031735463826,1.4941124847173846,1.4941124847173846,2.045111123373103
eta_0.02,500,14,1.0,8,6,6,4.5102810375396984e-17,4.5102810375396984e-17,0.039276326009764766,0.039276326009764766,0.1673330697958278,0.141349034620506,1.4962858191154222,1.4962858191154222,2.0498333867820135
eta_0.02,500,15,1.0,8,6,6,4.5102810375396984e-17,4.5102810375396984e-17,0.04346257767421217,0.04346257767421217,0.17044550321793167,0.14436259986684422,1.4945299114882724,1.4945299114882724,2.048932260985235
eta_0.02,500,16,1.0,8,6,6,4.5102810375396984e-17,4.5102810375396984e-17,0.03677699178872614,0.03677699178872614,0.1710600449400799,0.14799938970261875,1.4819725051480266,1.4819725051480266,2.046310970271805
eta_0.02,500,17,1.0,8,6,6,4.5102810375396984e-17,4.5102810375396984e-17,0.03889161673324456,0.03889161673324456,0.16795191134043497,0.14396443630714603,1.4918658564086118,1.4918658564086118,2.049833585707039
eta_0.02,500,18,1.0,8,6,6,4.5102810375396984e-17,4.5102810375396984e-17,0.0427599034620506,0.0427599034620506,0.16599338382157125,0.1454920106524634,1.4937889667977402,1.4937889667977402,2.0500358190972627
eta_0.02,500,19,1.0,8,6,6,4.5102810375396984e-17,4.5102810375396984e-17,0.039308227918331114,0.039308227918331114,0.16885985352862848,0.14438592987128274,1.488633393742965,1.488633393742965,2.048199858568455
eta_0.02,500,20,1.0,8,6,6,4.5102810375396984e-17,4.5102810375396984e-17,0.04103051486906347,0.04103051486906347,0.1708588409897914,0.14011121282734132,1.482904837850081,1.4829048378500809,2.0490078753645644
eta_0.02,500,21,1.0,8,6,6,4.5102810375396984e-17,4.5102810375396984e-17,0.04287361296049711,0.04287361296049711,0.17022714158899244,0.14186889702618732,1.4871609661737846,1.4871609661737846,2.046732641786548
eta_0.02,500,22,1.0,8,6,6,4.5102810375396984e-17,4.5102810375396984e-17,0.03750241344873503,0.03750241344873503,0.16886194795827786,0.1369819684864625,1.498231661221736,1.498231661221736,2.048710778201908
eta_0.02,500,23,1.0,8,6,6,4.5102810375396984e-17,4.5102810375396984e-17,0.041973979138925865,0.041973979138925865,0.16913207390146473,0.14227244229915667,1.486113165153228,1.486113165153228,2.0506206165435934
eta_0.02,500,24,1.0,8,6,6,4.5102810375396984e-17,4.5102810375396984e-17,0.041766422547714156,0.041766422547714156,0.16478799101198402,0.14335422214824678,1.4959152533341278,1.4959152533341278,2.048717182059731
eta_0.02,500,25,1.0,8,6,6,4.5102810375396984e-17,4.5102810375396984e-17,0.036771637816245005,0.036771637816245005,0.16965158954727033,0.1430291833111407,1.499362932152763,1.499362932152763,2.0505751575590923
eta_0.02,500,26,1.0,8,6,6,4.5102810375396984e-17,4.5102810375396984e-17,0.04232193186861962,0.04232193186861962,0.17145633599644922,0.14043070350643586,1.4893993900933695,1.4893993900933695,2.050971450023333
eta_0.02,500,27,1.0,8,6,6,4.5102810375396984e-17,4.5102810375396984e-17,0.04032612072791833,0.04032612072791833,0.16780202785175322,0.13745037172658678,1.4825455735307151,1.4825455735307151,2.051941570031282
eta_0.02,500,28,1.0,8,6,6,4.5102810375396984e-17,4.5102810375396984e-17,0.0407027851753218,0.0407027851753218,0.17035993675099867,0.14101564580559256,1.4882884958127227,1.4882884958127227,2.050922248887555
eta_0.02,500,29,1.0,8,6,6,4.5102810375396984e-17,4.5102810375396984e-17,0.04037408455392808,0.04037408455392808,0.1678162172658677,0.14875915446071905,1.493613137625576,1.493613137625576,2.0496074410314185
eta_0.02,5000,0,1.0,8,6,6,4.5102810375396984e-17,4.5102810375396984e-17,0.014268004266097848,0.014268004266097848,0.16205498627960718,0.1376965276851975,1.4894064877929356,1.4894064877929356,2.0477427891306643
eta_0.02,5000,1,1.0,8,6,6,4.5102810375396984e-17,4.5102810375396984e-17,0.012485806892414344,0.012485806892414344,0.16211304076123184,0.13575033551082077,1.4840704534379305,1.4840704534379305,2.0471575518716616
eta_0.02,5000,2,1.0,8,6,6,4.5102810375396984e-17,4.5102810375396984e-17,0.012878968915255746,0.012878968915255744,0.1613494581278052,0.12997403846153846,1.4902807834355376,1.4902807834355376,2.048365150647361
eta_0.02,5000,3,1.0,8,6,6,4.5102810375396984e-17,4.5102810375396984e-17,0.012291080633693286,0.012291080633693286,0.15878154023907926,0.12609586166288939,1.4890039125480974,1.4890039125480974,2.049827931375419
eta_0.02,5000,4,1.0,8,6,6,4.5102810375396984e-17,4.5102810375396984e-17,0.013087422788072692,0.013087422788072692,0.16248779829356086,0.13011891858863264,1.4880476305810666,1.4880476305810666,2.049464880464516
eta_0.02,5000,5,1.0,8,6,6,4.5102810375396984e-17,4.5102810375396984e-17,0.013484941452250808,0.013484941452250807,0.1629477969604053,0.13770572979158335,1.4887470786353243,1.4887470786353245,2.0453602520142606
eta_0.02,5000,6,1.0,8,6,6,4.5102810375396984e-17,4.5102810375396984e-17,0.013903727836288493,0.013903727836288493,0.16031383787717193,0.13578154301648668,1.4934582542218522,1.4934582542218522,2.0476680618785275
eta_0.02,5000,7,1.0,8,6,6,4.5102810375396984e-17,4.5102810375396984e-17,0.012980718681953524,0.012980718681953524,0.15938538917033285,0.13247663589299205,1.4903609031552036,1.4903609031552036,2.0520327380387493
eta_0.02,5000,8,1.0,8,6,6,4.5102810375396984e-17,4.5102810375396984e-17,0.013211239612496114,0.013211239612496114,0.16158755638137137,0.12688182131271386,1.4857303331808045,1.4857303331808047,2.0478139478216737
eta_0.02,5000,9,1.0,8,6,6,4.5102810375396984e-17,4.5102810375396984e-17,0.012977729636048532,0.012977729636048532,0.16342032756743546,0.13114651213171577,1.4861150069771725,1.4861150069771725,2.04704316213234
eta_0.02,5000,10,1.0,8,6,6,4.5102810375396984e-17,4.5102810375396984e-17,0.012995998866817756,0.012995998866817756,0.16412840593476427,0.13980872605874772,1.4865855074232885,1.4865855074232885,2.049994016813918
eta_0.02,5000,11,1.0,8,6,6,4.5102810375396984e-17,4.5102810375396984e-17,0.013375913211571786,0.013375913211571786,0.16053836710660802,0.1375902701861974,1.485093366107469,1.485093366107469,2.0477707841088066
eta_0.02,5000,12,1.0,8,6,6,4.5102810375396984e-17,4.5102810375396984e-17,0.013778706172510329,0.013778706172510329,0.15961125683242233,0.13713081533573301,1.4869594039265857,1.4869594039265857,2.0464408181576896
eta_0.02,5000,13,1.0,8,6,6,4.5102810375396984e-17,4.5102810375396984e-17,0.013055857552326355,0.013055857552326355,0.1624511742878727,0.13108491367817623,1.487856399437467,1.4878563994374672,2.0499721624711675
eta_0.02,5000,14,1.0,8,6,6,4.5102810375396984e-17,4.5102810375396984e-17,0.012122868062036175,0.012122868062036177,0.16278921727103052,0.1404021674887793,1.4873781830077064,1.4873781830077064,2.04764445113352
eta_0.02,5000,15,1.0,8,6,6,4.5102810375396984e-17,4.5102810375396984e-17,0.013095448940141316,0.013095448940141316,0.160119472959161,0.13337253643958583,1.4875539698682914,1.4875539698682914,2.046448050524601
eta_0.02,5000,16,1.0,8,6,6,4.5102810375396984e-17,4.5102810375396984e-17,0.012479842132160161,0.012479842132160161,0.16116140209083232,0.13307687197262585,1.4891348216819182,1.4891348216819182,2.0512013870440065
eta_0.02,5000,17,1.0,8,6,6,4.5102810375396984e-17,4.5102810375396984e-17,0.013309313758165575,0.013309313758165575,0.16183480869217437,0.13233242623205796,1.488445256249497,1.488445256249497,2.0490812904300446
eta_0.02,5000,18,1.0,8,6,6,4.5102810375396984e-17,4.5102810375396984e-17,0.012687440563480432,0.012687440563480432,0.16428081505799227,0.13825683464426966,1.485356770932717,1.485356770932717,2.048187874637544
eta_0.02,5000,19,1.0,8,6,6,4.5102810375396984e-17,4.5102810375396984e-17,0.01268275452161934,0.01268275452161934,0.16243810269741812,0.1403502371905968,1.485117599991571,1.485117599991571,2.0473183437499247
eta_0.02,5000,20,1.0,8,6,6,4.5102810375396984e-17,4.5102810375396984e-17,0.012241000644358535,0.012241000644358535,0.16487179292760967,0.1265923904590499,1.488911434018278,1.488911434018278,2.045725641098117
eta_0.02,5000,21,1.0,8,6,6,4.5102810375396984e-17,4.5102810375396984e-17,0.013004484957561221,0.01300448495756122,0.15926594815135758,0.12226858030040438,1.4859798205406927,1.4859798205406924,2.0482365144238575
eta_0.02,5000,22,1.0,8,6,6,4.5102810375396984e-17,4.5102810375396984e-17,0.012970160089765809,0.012970160089765807,0.16355213693729725,0.13524976891969961,1.4855208811014726,1.4855208811014726,2.046601949765407
eta_0.02,5000,23,1.0,8,6,6,4.5102810375396984e-17,4.5102810375396984e-17,0.012257489556947962,0.012257489556947962,0.1643909153779496,0.13124194440741235,1.48827126103995,1.48827126103995,2.0489984538148787
eta_0.02,5000,24,1.0,8,6,6,4.5102810375396984e-17,4.5102810375396984e-17,0.013184365973425774,0.013184365973425774,0.15934887015064658,0.12722554714926898,1.4870761456467856,1.4870761456467856,2.052035819637015
eta_0.02,5000,25,1.0,8,6,6,4.5102810375396984e-17,4.5102810375396984e-17,0.012160128649513408,0.012160128649513408,0.16364303565080213,0.13452857563435985,1.4886090200296476,1.4886090200296471,2.0459904376710862
eta_0.02,5000,26,1.0,8,6,6,4.5102810375396984e-17,4.5102810375396984e-17,0.01186928742834289,0.01186928742834289,0.16357123411322932,0.12414752199706706,1.4864291150606,1.4864291150606,2.0496593423057776
eta_0.02,5000,27,1.0,8,6,6,4.5102810375396984e-17,4.5102810375396984e-17,0.011877860729680487,0.011877860729680487,0.1628315819001911,0.13751942407678974,1.48752780634615,1.48752780634615,2.048871656365174
eta_0.02,5000,28,1.0,8,6,6,4.5102810375396984e-17,4.5102810375396984e-17,0.012311365151313154,0.012311365151313154,0.16204388775940987,0.1389829506065858,1.4881090507278087,1.4881090507278087,2.045021670434989
eta_0.02,5000,29,1.0,8,6,6,4.5102810375396984e-17,4.5102810375396984e-17,0.011531815202417459,0.011531815202417459,0.16084053403990578,0.1411018436430698,1.4910199199958456,1.4910199199958456,2.0470894113586025
eta_0.2,100,0,1.0,8,6,6,1.0234868508263162e-16,1.0234868508263162e-16,0.08484547461368654,0.08484547461368654,0.18014141832229583,0.15720405629139075,1.4968307626323296,1.4968307626323296,2.0118967336274802
eta_0.2,100,1,1.0,8,6,6,1.0234868508263162e-16,1.0234868508263162e-16,0.08909975165562915,0.08909975165562915,0.1777662803532009,0.15433016004415012,1.5135562344496831,1.5135562344496831,2.0215189263740374
eta_0.2,100,2,1.0,8,6,6,1.0234868508263162e-16,1.0234868508263162e-16,0.08956194812362032,0.08956194812362032,0.17761382450331126,0.16244964128035322,1.4948837589596697,1.4948837589596697,2.0243559629251564
eta_0.2,100,3,1.0,8,6,6,1.0234868508263162e-16,1.0234868508263162e-16,0.08908457505518765,0.08908457505518765,0.18111444536423843,0.16169977924944814,1.5132007950016801,1.5132007950016804,2.023779928804026
eta_0.2,100,4,1.0,8,6,6,1.0234868508263162e-16,1.0234868508263162e-16,0.09632864238410598,0.09632864238410598,0.17817294426048563,0.15751793598233996,1.5092692453136938,1.5092692453136938,2.020515493527631
eta_0.2,100,5,1.0,8,6,6,1.0234868508263162e-16,1.0234868508263162e-16,0.08577676600441503,0.08577676600441503,0.18014314293598238,0.15811327262693156,1.5051498431954167,1.5051498431954167,2.0215134433033515
eta_0.2,100,6,1.0,8,6,6,1.0234868508263162e-16,1.0234868508263162e-16,0.09194743377483444,0.09194743377483444,0.180690190397351,0.16632174392935983,1.466615303401952,1.466615303401952,2.012377600990086
eta_0.2,100,7,1.0,8,6,6,1.0234868508263162e-16,1.0234868508263162e-16,0.09102511037527594,0.09102511037527594,0.1807967715231788,0.15506898454746137,1.4977162097487728,1.4977162097487726,2.021858211905367
eta_0.2,100,8,1.0,8,6,6,1.0234868508263162e-16,1.0234868508263162e-16,0.08994274282560706,0.08994274282560706,0.17605097958057392,0.15181981236203093,1.5228550717015625,1.5228550717015623,2.019357826802156
eta_0.2,100,9,1.0,8,6,6,1.0234868508263162e-16,1.0234868508263162e-16,0.10280491169977925,0.10280491169977925,0.18302255794701988,0.1655987858719647,1.4931341420963835,1.4931341420963835,2.0195345130563958
eta_0.2,100,10,1.0,8,6,6,1.0234868508263162e-16,1.0234868508263162e-16,0.0919501931567329,0.0919501931567329,0.17739514348785873,0.16057809050772628,1.5086239361836424,1.5086239361836424,2.015317047605257
eta_0.2,100,11,1.0,8,6,6,1.0234868508263162e-16,1.0234868508263162e-16,0.09180808498896248,0.09180808498896248,0.18214921357615893,0.15750275938189848,1.4942495451391324,1.4942495451391324,2.018913190416637
eta_0.2,100,12,1.0,8,6,6,1.0234868508263162e-16,1.0234868508263162e-16,0.08948399558498898,0.08948399558498898,0.18145453918322296,0.15521730132450332,1.5074097860150526,1.5074097860150526,2.0176949951118486
eta_0.2,100,13,1.0,8,6,6,1.0234868508263162e-16,1.0234868508263162e-16,0.0933919701986755,0.0933919701986755,0.18028904525386313,0.1597330298013245,1.4811020546027691,1.4811020546027691,2.02143960254912
eta_0.2,100,14,1.0,8,6,6,1.0234868508263162e-16,1.0234868508263162e-16,0.09542011589403974,0.09542011589403974,0.18379208057395147,0.16474613686534215,1.4952905691016816,1.4952905691016816,2.013853099606436
eta_0.2,100,15,1.0,8,6,6,1.0234868508263162e-16,1.0234868508263162e-16,0.09164321192052981,0.09164321192052981,0.18623758278145697,0.1647185430463576,1.478568148450348,1.4785681484503477,2.019365591940294
eta_0.2,100,16,1.0,8,6,6,1.0234868508263162e-16,1.0234868508263162e-16,0.08571812913907285,0.08571812913907285,0.1803218129139073,0.15349406732891832,1.4903089619829253,1.490308961982925,2.0141962279552517
eta_0.2,100,17,1.0,8,6,6,1.0234868508263162e-16,1.0234868508263162e-16,0.0897668322295806,0.0897668322295806,0.1796605960264901,0.1598834161147903,1.4856643131738019,1.4856643131738019,2.0114702656038754
eta_0.2,100,18,1.0,8,6,6,1.0234868508263162e-16,1.0234868508263162e-16,0.09029732339955852,0.0902973233995585,0.17859650938189847,0.1619460540838852,1.4978685839587875,1.4978685839587877,2.020287078378695
eta_0.2,100,19,1.0,8,6,6,1.0234868508263162e-16,1.0234868508263162e-16,0.08949365342163355,0.08949365342163355,0.17912562086092715,0.15438258830022075,1.4970035223856688,1.4970035223856688,2.016969273387275
eta_0.2,100,20,1.0,8,6,6,1.0234868508263162e-16,1.0234868508263162e-16,0.09162113686534216,0.09162113686534216,0.17978442328918326,0.16043046357615895,1.4860835988486896,1.4860835988486896,2.0135900999911316
eta_0.2,100,21,1.0,8,6,6,1.0234868508263162e-16,1.0234868508263162e-16,0.08855753311258278,0.08855753311258278,0.18195502207505515,0.15650593267108168,1.4670350180683376,1.4670350180683376,2.010704626760123
eta_0.2,100,22,1.0,8,6,6,1.0234868508263162e-16,1.0234868508263162e-16,0.09264417770419427,0.09264417770419427,0.18292046081677704,0.16020074503311257,1.4868068415815814,1.4868068415815814,2.0131723511167428
eta_0.2,100,23,1.0,8,6,6,1.0234868508263162e-16,1.0234868508263162e-16,0.08793115342163356,0.08793115342163356,0.18416597682119207,0.16065259381898456,1.4894727652120223,1.4894727652120223,2.017478175870064
eta_0.2,100,24,1.0,8,6,6,1.0234868508263162e-16,1.0234868508263162e-16,0.09867342715231787,0.09867342715231787,0.17858616169977926,0.15705504966887418,1.532973946853762,1.532973946853762,2.0261451603281504
eta_0.2,100,25,1.0,8,6,6,1.0234868508263162e-16,1.0234868508263162e-16,0.08267522075055188,0.08267522075055188,0.17916735651214133,0.15792287527593818,1.4914751803049648,1.491475180304965,2.0200353315720188
eta_0.2,100,26,1.0,8,6,6,1.0234868508263162e-16,1.0234868508263162e-16,0.08351476269315676,0.08351476269315673,0.17864341887417218,0.15797599337748344,1.4885561657218844,1.4885561657218844,2.0140472351142975
eta_0.2,100,27,1.0,8,6,6,1.0234868508263162e-16,1.0234868508263162e-16,0.08945502207505518,0.08945502207505518,0.17952883554083887,0.15646316225165566,1.480894988460319,1.480894988460319,2.0078117860285847
eta_0.2,100,28,1.0,8,6,6,1.0234868508263162e-16,1.0234868508263162e-16,0.08632519315673289,0.08632519315673289,0.18204401214128035,0.1575869205298013,1.498094126739414,1.4980941267394141,2.0139667849534515
eta_0.2,100,29,1.0,8,6,6,1.0234868508263162e-16,1.0234868508263162e-16,0.087126793598234,0.08712679359823401,0.18341335540838855,0.16811051324503312,1.4913742178106677,1.4913742178106677,2.015351823338528
eta_0.2,500,0,1.0,8,6,6,1.0234868508263162e-16,1.0234868508263162e-16,0.04227757434531736,0.04227757434531736,0.15182182090545937,0.12311268308921437,1.4852299508194124,1.485229950819413,2.012889280011203
eta_0.2,500,1,1.0,8,6,6,1.0234868508263162e-16,1.0234868508263162e-16,0.043503134709276525,0.043503134709276525,0.14875080448291167,0.12731127940523745,1.4857751307288072,1.4857751307288074,2.0130293775805512
eta_0.2,500,2,1.0,8,6,6,1.0234868508263162e-16,1.0234868508263162e-16,0.036732717487794046,0.036732717487794046,0.1498282151575677,0.12488731691078563,1.4909742360598823,1.4909742360598823,2.012488326799983
eta_0.2,500,3,1.0,8,6,6,1.0234868508263162e-16,1.0234868508263162e-16,0.04069548934753662,0.04069548934753662,0.15314121449178875,0.11581188970261873,1.4812686980693548,1.4812686980693552,2.0104697897158843
eta_0.2,500,4,1.0,8,6,6,1.0234868508263162e-16,1.0234868508263162e-16,0.04184970039946737,0.04184970039946737,0.15309775854416335,0.13530570350643586,1.48183276517076,1.48183276517076,2.0138706129728217
eta_0.2,500,5,1.0,8,6,6,1.0234868508263162e-16,1.0234868508263162e-16,0.040083999112294724,0.040083999112294724,0.14774005492676434,0.12542082778517533,1.4903072666966903,1.4903072666966903,2.014351858729549
eta_0.2,500,6,1.0,8,6,6,1.0234868508263162e-16,1.0234868508263162e-16,0.03861135153129162,0.03861135153129162,0.15142236739902354,0.12877535508211274,1.4869911779782858,1.4869911779782858,2.0099321213463455
eta_0.2,500,7,1.0,8,6,6,1.0234868508263162e-16,1.0234868508263162e-16,0.04047619840213051,0.04047619840213051,0.148172117731913,0.12469640479360851,1.4819192505283854,1.4819192505283854,2.011538816284088
eta_0.2,500,8,1.0,8,6,6,1.0234868508263162e-16,1.0234868508263162e-16,0.039255520417221496,0.03925552041722149,0.15475212217043943,0.13639977252552152,1.487201464959958,1.487201464959958,2.0106770820796465
eta_0.2,500,9,1.0,8,6,6,1.0234868508263162e-16,1.0234868508263162e-16,0.042709664891256105,0.042709664891256105,0.1538478833777186,0.13461581779849088,1.482543645310045,1.482543645310045,2.005818054429827
eta_0.2,500,10,1.0,8,6,6,1.0234868508263162e-16,1.0234868508263162e-16,0.03932359631602309,0.039323596316023085,0.15148017920550377,0.12777338548601866,1.4926000835575692,1.4926000835575692,2.014036075698639
eta_0.2,500,11,1.0,8,6,6,1.0234868508263162e-16,1.0234868508263162e-16,0.042713964713715045,0.042713964713715045,0.15176324622725257,0.1316831169551709,1.4826334340989051,1.4826334340989051,2.0121299058320012
eta_0.2,500,12,1.0,8,6,6,1.0234868508263162e-16,1.0234868508263162e-16,0.04247830670217489,0.04247830670217489,0.15109305648024857,0.12260757878384376,1.4963663590280167,1.4963663590280167,2.0158289185819864
eta_0.2,500,13,1.0,8,6,6,1.0234868508263162e-16,1.0234868508263162e-16,0.040010929871282734,0.040010929871282734,0.15509209942299157,0.13510388925876607,1.4792844375016432,1.4792844375016432,2.0101288281806333
eta_0.2,500,14,1.0,8,6,6,1.0234868508263162e-16,1.0234868508263162e-16,0.038710940967598764,0.038710940967598764,0.1522283205725699,0.13255373391034175,1.4928410659652178,1.4928410659652178,2.010146386742807
eta_0.2,500,15,1.0,8,6,6,1.0234868508263162e-16,1.0234868508263162e-16,0.041175682423435424,0.041175682423435424,0.15174714269862405,0.13274189968930317,1.4940664728319535,1.4940664728319535,2.008699899590037
eta_0.2,500,16,1.0,8,6,6,1.0234868508263162e-16,1.0234868508263162e-16,0.04120320128717267,0.04120320128717267,0.1517404432978251,0.13306294385264092,1.493434188397184,1.493434188397184,2.013252233712757
eta_0.2,500,17,1.0,8,6,6,1.0234868508263162e-16,1.0234868508263162e-16,0.03798199622725256,0.03798199622725256,0.15347538004882377,0.13015903794940079,1.4984726653743474,1.4984726653743474,2.015267660435854
eta_0.2,500,18,1.0,8,6,6,1.0234868508263162e-16,1.0234868508263162e-16,0.04013651242787395,0.04013651242787395,0.14948170494895693,0.12908779960053263,1.485579603214133,1.485579603214133,2.011991125965718
eta_0.2,500,19,1.0,8,6,6,1.0234868508263162e-16,1.0234868508263162e-16,0.03683313914780293,0.03683313914780293,0.15314781679982248,0.12124470150909898,1.4911179198861755,1.4911179198861755,2.0122383093933918
eta_0.2,500,20,1.0,8,6,6,1.0234868508263162e-16,1.0234868508263162e-16,0.038153212383488684,0.038153212383488684,0.14490944019085664,0.12257276409232136,1.5004890423792625,1.5004890423792625,2.0147993124943646
eta_0.2,500,21,1.0,8,6,6,1.0234868508263162e-16,1.0234868508263162e-16,0.0371129327563249,0.0371129327563249,0.15244824955614739,0.12955340102086108,1.4943442082325045,1.4943442082325045,2.01575738093295
eta_0.2,500,22,1.0,8,6,6,1.0234868508263162e-16,1.0234868508263162e-16,0.041262843985796716,0.041262843985796716,0.1531767227030626,0.13746152352418997,1.4920326680116711,1.4920326680116711,2.0090485591938987
eta_0.2,500,23,1.0,8,6,6,1.0234868508263162e-16,1.0234868508263162e-16,0.04046132933865957,0.04046132933865957,0.1519748945849978,0.1342540778961385,1.489030669540187,1.489030669540187,2.015724293642185
eta_0.2,500,24,1.0,8,6,6,1.0234868508263162e-16,1.0234868508263162e-16,0.039423213493120286,0.039423213493120286,0.1487304704837994,0.12809276520195298,1.4788867074600427,1.4788867074600427,2.011606665415867
eta_0.2,500,25,1.0,8,6,6,1.0234868508263162e-16,1.0234868508263162e-16,0.039142088326675546,0.039142088326675546,0.15214339214380823,0.13215490457168222,1.4851308304502175,1.4851308304502175,2.013022635638163
eta_0.2,500,26,1.0,8,6,6,1.0234868508263162e-16,1.0234868508263162e-16,0.03972850088770528,0.03972850088770528,0.15179910119840212,0.13287430648024856,1.4872450300984892,1.4872450300984892,2.0148890211516983
eta_0.2,500,27,1.0,8,6,6,1.0234868508263162e-16,1.0234868508263162e-16,0.040615179760319586,0.040615179760319586,0.15057757711939637,0.13347531069684868,1.4883536128375312,1.4883536128375312,2.011813906838757
eta_0.2,500,28,1.0,8,6,6,1.0234868508263162e-16,1.0234868508263162e-16,0.041143586329338656,0.041143586329338656,0.15562934143364404,0.13370492121615624,1.4888550098962618,1.4888550098962614,2.0167380227792724
eta_0.2,500,29,1.0,8,6,6,1.0234868508263162e-16,1.0234868508263162e-16,0.038558394363071465,0.038558394363071465,0.15045612794052377,0.12097078894806923,1.4811942326526244,1.4811942326526244,2.013627439569939
eta_0.2,5000,0,1.0,8,6,6,1.0234868508263162e-16,1.0234868508263162e-16,0.012822804737146158,0.012822804737146158,0.14412109524285652,0.1236368717504333,1.4883513433138458,1.4883513433138458,2.0096420910454995
eta_0.2,5000,1,1.0,8,6,6,1.0234868508263162e-16,1.0234868508263162e-16,0.013856344709594287,0.013856344709594287,0.14336062608318892,0.12150014609163223,1.488887856852873,1.4888878568528732,2.012057727873623
eta_0.2,5000,2,1.0,8,6,6,1.0234868508263162e-16,1.0234868508263162e-16,0.012955845887215036,0.012955845887215036,0.1454843570857219,0.12166505243745279,1.4875455835643168,1.4875455835643168,2.0129129141228326
eta_0.2,5000,3,1.0,8,6,6,1.0234868508263162e-16,1.0234868508263162e-16,0.012283682731191403,0.012283682731191403,0.14187031729102786,0.12115489434742034,1.4914641788305023,1.4914641788305023,2.01249019543281
eta_0.2,5000,4,1.0,8,6,6,1.0234868508263162e-16,1.0234868508263162e-16,0.013475634915344625,0.013475634915344625,0.1427274041238946,0.1178395825001111,1.486684480350267,1.486684480350267,2.0134459934407856
eta_0.2,5000,5,1.0,8,6,6,1.0234868508263162e-16,1.0234868508263162e-16,0.012175084988668178,0.012175084988668178,0.14617174348975692,0.11658580744789583,1.4877383564969695,1.4877383564969695,2.008694043990895
eta_0.2,5000,6,1.0,8,6,6,1.0234868508263162e-16,1.0234868508263162e-16,0.012995524485624138,0.012995524485624138,0.14377627788517086,0.10852091998844597,1.488111633866443,1.488111633866443,2.0110292262216904
eta_0.2,5000,7,1.0,8,6,6,1.0234868508263162e-16,1.0234868508263162e-16,0.012188918144247426,0.012188918144247426,0.14673856874638938,0.1233900141092299,1.4870399359379638,1.4870399359379638,2.014361684122898
eta_0.2,5000,8,1.0,8,6,6,1.0234868508263162e-16,1.0234868508263162e-16,0.012686079078345111,0.012686079078345111,0.14142729497178153,0.11692711916188953,1.4883439640368292,1.4883439640368292,2.0138395730733993
eta_0.2,5000,9,1.0,8,6,6,1.0234868508263162e-16,1.0234868508263162e-16,0.012792258809936447,0.012792258809936445,0.14382137020619473,0.11952865506821314,1.4874115380023964,1.4874115380023964,2.0107513617393447
eta_0.2,5000,10,1.0,8,6,6,1.0234868508263162e-16,1.0234868508263162e-16,0.012536510687463894,0.012536510687463894,0.1472324678931698,0.12120273019153001,1.4859408021999445,1.4859408021999445,2.010884012101627
eta_0.2,5000,11,1.0,8,6,6,1.0234868508263162e-16,1.0234868508263162e-16,0.012251473136915075,0.012251473136915075,0.14495937486112964,0.11262578156245835,1.4882252682707984,1.4882252682707984,2.010048265091763
eta_0.2,5000,12,1.0,8,6,6,1.0234868508263162e-16,1.0234868508263162e-16,0.012388100475492157,0.012388100475492157,0.1438684564280318,0.12333618517530996,1.4875623170687533,1.487562317068753,2.014725328632176
eta_0.2,5000,13,1.0,8,6,6,1.0234868508263162e-16,1.0234868508263162e-16,0.012966510020886108,0.012966510020886108,0.14693394741812205,0.12657754577167488,1.4868547189125656,1.4868547189125656,2.0080129673570744
eta_0.2,5000,14,1.0,8,6,6,1.0234868508263162e-16,1.0234868508263162e-16,0.012452028618406441,0.012452028618406441,0.1462843590299071,0.1249897558103364,1.4850919053036844,1.4850919053036844,2.007614200757684
eta_0.2,5000,15,1.0,8,6,6,1.0234868508263162e-16,1.0234868508263162e-16,0.01348967804292761,0.01348967804292761,0.14549683431098076,0.1157764592498778,1.4893093943662006,1.4893093943662006,2.0098132247333487
eta_0.2,5000,16,1.0,8,6,6,1.0234868508263162e-16,1.0234868508263162e-16,0.01239198106919077,0.01239198106919077,0.14508435180864776,0.1243968120917211,1.4860415487460128,1.4860415487460128,2.0126025649661976
eta_0.2,5000,17,1.0,8,6,6,1.0234868508263162e-16,1.0234868508263162e-16,0.013346872639203658,0.013346872639203658,0.1490173085255299,0.11897072334799803,1.4879774365681544,1.4879774365681546,2.0063124393737013
eta_0.2,5000,18,1.0,8,6,6,1.0234868508263162e-16,1.0234868508263162e-16,0.013226448140247966,0.013226448140247966,0.14542519691818867,0.1245346009420966,1.4896278493867043,1.4896278493867043,2.006809916076385
eta_0.2,5000,19,1.0,8,6,6,1.0234868508263162e-16,1.0234868508263162e-16,0.012794395191752206,0.012794395191752206,0.1461570871106075,0.11939889459183219,1.487458558288007,1.487458558288007,2.0111850063495518
eta_0.2,5000,20,1.0,8,6,6,1.0234868508263162e-16,1.0234868508263162e-16,0.012712841065635699,0.012712841065635699,0.14168652346353822,0.11886329544949563,1.4878000523721546,1.4878000523721544,2.0132357908627343
eta_0.2,5000,21,1.0,8,6,6,1.0234868508263162e-16,1.0234868508263162e-16,0.012361388481535798,0.012361388481535798,0.14499286067413233,0.1197968315335733,1.4883594170398813,1.4883594170398813,2.0081287847144758
eta_0.2,5000,22,1.0,8,6,6,1.0234868508263162e-16,1.0234868508263162e-16,0.013610202528551751,0.013610202528551751,0.14477745161756211,0.11826015031329155,1.487449024049743,1.487449024049743,2.0077622336869796
eta_0.2,5000,23,1.0,8,6,6,1.0234868508263162e-16,1.0234868508263162e-16,0.012273651846420472,0.012273651846420472,0.14210748955694794,0.12177789516953293,1.4913256100572876,1.4913256100572876,2.0097235722027658
eta_0.2,5000,24,1.0,8,6,6,1.0234868508263162e-16,1.0234868508263162e-16,0.012498048593520864,0.012498048593520864,0.1453286950628805,0.12090660689685821,1.4853189148153056,1.4853189148153056,2.011292925154449
eta_0.2,5000,25,1.0,8,6,6,1.0234868508263162e-16,1.0234868508263162e-16,0.01429290650135537,0.01429290650135537,0.14348831322490335,0.1145214788028263,1.4882759791424307,1.4882759791424307,2.011172780310689
eta_0.2,5000,26,1.0,8,6,6,1.0234868508263162e-16,1.0234868508263162e-16,0.013414411967293241,0.013414411967293241,0.1499163317113274,0.11772158323334665,1.4887407491601206,1.4887407491601206,2.0093993344122234
eta_0.2,5000,27,1.0,8,6,6,1.0234868508263162e-16,1.0234868508263162e-16,0.013414630827000845,0.013414630827000845,0.14259521313824824,0.12549045460605254,1.4846192826179565,1.4846192826179565,2.010075522735193
eta_0.2,5000,28,1.0,8,6,6,1.0234868508263162e-16,1.0234868508263162e-16,0.012530511487357251,0.012530511487357251,0.145604965726792,0.11906211394036352,1.489698651329213,1.489698651329213,2.0152414150235436
eta_0.2,5000,29,1.0,8,6,6,1.0234868508263162e-16,1.0234868508263162e-16,0.01336612396124961,0.01336612396124961,0.14031014142558768,0.12239182275696574,1.4891844418244538,1.4891844418244538,2.013851512113252
eta_0.8,100,0,-0.12743628185907047,8,4,8,0.03639183958275806,5.941427905220564e-17,0.0713447151618147,0.0951862582781457,0.198341956401766,0.17590921633554082,0.9420970873022363,1.535631414194247,1.7089137219381116
eta_0.8,100,1,-0.12841987716359576,8,3,8,0.09705473676245742,5.941427905220564e-17,0.07981555353713886,0.09292425496688743,0.1982795253863135,0.1865383554083885,0.9250361120201792,1.5069426376995658,1.7023910391657624
eta_0.8,100,2,-0.1279297786908208,8,3,8,0.1169245413130721,5.941427905220564e-17,0.07998004488767155,0.08763176048565124,0.19726372792494482,0.18651628035320092,0.9141392284607422,1.4986564738714936,1.684800327010161
eta_0.8,100,3,-0.1279297786908208,8,3,8,0.09029865027771442,5.941427905220564e-17,0.07250633780834037,0.08926600441501105,0.19187844922737307,0.17348923841059605,0.9294228629354533,1.49255103369776,1.6857772698041231
eta_0.8,100,4,-0.12743628185907047,8,4,8,0.020217688657087837,5.941427905220564e-17,0.07244795514999262,0.08813672737306844,0.19395143487858724,0.1812541390728477,0.9256558201344649,1.5045722157756989,1.690817153662541
eta_0.8,100,5,-0.1279297786908208,8,3,8,0.11779470685135368,5.941427905220564e-17,0.08262059715000603,0.09171702538631347,0.20292770419426048,0.18135830573951436,0.9235243066629875,1.499526290495442,1.7000301336332844
eta_0.8,100,6,-0.12743628185907047,8,4,8,0.020217688657087833,5.941427905220564e-17,0.06698715580513273,0.09363065673289184,0.19082367549668872,0.1763148454746137,0.9223144325969607,1.4804770733482444,1.6666366356931355
eta_0.8,100,7,-0.12743628185907047,8,4,8,0.1250766110138611,5.941427905220564e-17,0.07757082984417846,0.09527248896247242,0.1930380794701987,0.17899075607064022,0.9328578975410055,1.4726052676817714,1.6775427711640314
eta_0.8,100,8,-0.1279297786908208,8,3,8,0.10323797101825057,5.941427905220564e-17,0.07399905382329276,0.0879739238410596,0.19754518487858722,0.18559395695364236,0.9098452503971182,1.500447052090774,1.6899821117168154
eta_0.8,100,9,-0.1279297786908208,8,3,8,0.10323797101825057,5.941427905220564e-17,0.07667059782039391,0.09843750000000001,0.19742791114790284,0.18277938741721855,0.9439882452820784,1.5092426981658704,1.7095023662352182
eta_0.8,100,10,-0.1279297786908208,8,3,8,0.09029865027771436,5.941427905220564e-17,0.07497312646978656,0.09453228476821195,0.19240066225165564,0.18041942604856512,0.9034098491268306,1.469597845542118,1.6620906074879371
eta_0.8,100,11,-0.12743628185907047,8,4,8,0.020217688657087837,5.941427905220564e-17,0.07427811437860204,0.09453297461368655,0.1976766004415011,0.18302497240618099,0.9574435515946941,1.5210533520368865,1.7198092021205014
eta_0.8,100,12,-0.12743628185907047,8,4,8,0.020217688657087837,5.941427905220564e-17,0.07520654257589938,0.0907105408388521,0.19780077262693158,0.18110582229580574,0.9385712528600135,1.4776680397988537,1.6812380845484052
eta_0.8,100,13,-0.12743628185907047,8,4,8,0.020217688657087837,5.941427905220564e-17,0.07098497816199531,0.08572709713024285,0.19345405629139073,0.17575676048565123,0.8993337892185299,1.4911311091085695,1.6748830807425592
eta_0.8,100,14,-0.1279297786908208,8,3,8,0.0902986502777144,5.941427905220564e-17,0.07092049281653327,0.09179911699779249,0.19722889072847682,0.17509864790286978,0.9201058130491174,1.5048362750146558,1.6982739054670446
eta_0.8,100,15,-0.12743628185907047,8,4,8,0.02021768865708784,5.941427905220564e-17,0.0799841140830501,0.09928049116997793,0.20144902041942606,0.18380725717439295,0.9423325141009724,1.4861031290082714,1.69644261384146
eta_0.8,100,16,-0.1279297786908208,8,3,8,0.1032379710182505,5.941427905220564e-17,0.07071144147500026,0.08618101545253865,0.19276524558498898,0.17699641280353204,0.9204528241869654,1.5092079870748982,1.6921398661052849
eta_0.8,100,17,-0.12743628185907047,8,4,8,0.020217688657087837,5.941427905220564e-17,0.07469914248887576,0.08969577814569536,0.19882450331125828,0.18451779801324505,0.9307830747360577,1.488704400653869,1.686045184762676
eta_0.8,100,18,-0.12743628185907047,8,4,8,0.020217688657087837,5.941427905220564e-17,0.07019029748124067,0.08082988410596027,0.19465093818984547,0.1805994757174393,0.9113897163722748,1.4644472620515632,1.6679035934179518
eta_0.8,100,19,-0.1279297786908208,8,3,8,0.10323797101825057,5.941427905220564e-17,0.0778566893229484,0.09583540286975718,0.19125931291390727,0.17500206953642383,0.9234434069066426,1.4927194246059114,1.667601601396338
eta_0.8,100,20,-0.12743628185907047,8,4,8,0.020217688657087833,5.941427905220564e-17,0.07386906227936225,0.09180601545253864,0.1895557395143488,0.17104649558498897,0.9096567162505861,1.4857579789267628,1.6620770382369532
eta_0.8,100,21,-0.12939001848428835,8,2,8,0.116591783520124,5.941427905220564e-17,0.07933794411810983,0.09416045805739515,0.1962862168874172,0.17805532560706402,0.9111169049529085,1.5242608189636158,1.7090941153403785
eta_0.8,100,22,-0.12743628185907047,8,4,8,0.03639183958275806,5.941427905220564e-17,0.07415780010836905,0.09079608167770421,0.19772109547461372,0.1768384381898455,0.911959246423728,1.5204676195747155,1.683218928955824
eta_0.8,100,23,-0.12743628185907047,8,4,8,0.020217688657087837,5.941427905220564e-17,0.07859750340705711,0.087782146799117,0.20136382450331128,0.17752828366445916,0.927691441295509,1.4922716713901114,1.6923893137362247
eta_0.8,100,24,-0.1279297786908208,8,3,8,0.10323797101825066,5.941427905220564e-17,0.0748039541965269,0.09836161699779251,0.19506070640176604,0.17975924392935982,0.9138752285367431,1.4710220987424523,1.6703300086902633
eta_0.8,100,25,-0.12939001848428835,8,2,8,0.07630127417977293,5.941427905220564e-17,0.07892156873738905,0.08456539735099339,0.19436775662251654,0.18019246688741722,0.9341186012666175,1.5127936313081918,1.704744401767229
eta_0.8,100,26,-0.11147176110544375,8,3,8,0.27358123947099644,5.941427905220564e-17,0.09198734328827789,0.0896302428256071,0.19415838852097128,0.18059809602649005,0.9603054770437204,1.4941894470233672,1.6775495004580914
eta_0.8,100,27,-0.1279297786908208,8,3,8,0.10323797101825057,5.941427905220564e-17,0.08088399433644268,0.0889914459161148,0.1953083609271523,0.17598165011037525,0.956489886223116,1.5177413114530476,1.7113644974727242
eta_0.8,100,28,-0.12743628185907047,8,4,8,0.020217688657087837,5.941427905220564e-17,0.06649348143769601,0.097439293598234,0.19664217715231785,0.18366790838852096,0.9201224915642934,1.4925427109413076,1.6862744975344177
eta_0.8,100,29,-0.1279297786908208,8,3,8,0.10323797101825055,5.941427905220564e-17,0.0807802605187809,0.09337955298013245,0.203624103200883,0.184969646799117,0.9319722257411857,1.4980516415579224,1.7058091123976902
eta_0.8,500,0,-0.12743628185907047,8,4,8,0.020217688657087837,5.941427905220564e-17,0.03934923443156976,0.04068145250776743,0.1769569185530404,0.15808621837549933,0.9214285277985682,1.4857846894166826,1.6800862628662474
eta_0.8,500,1,-0.12743628185907047,8,4,8,0.020217688657087833,5.941427905220564e-17,0.03587873316802958,0.0411764869063471,0.17568343597425656,0.15661665002219263,0.9230461345099912,1.491199497719525,1.682748605885504
eta_0.8,500,2,-0.12743628185907047,8,4,8,0.03639183958275806,5.941427905220564e-17,0.043844787115745194,0.0410858577452286,0.1720015950954283,0.15816239458499778,0.9126659324689975,1.4877224808188754,1.666355654709958
eta_0.8,500,3,-0.12743628185907047,8,4,8,0.02021768865708784,5.941427905220564e-17,0.03967774412048364,0.04172270306258322,0.17587036728806038,0.1658640701287173,0.9299080885949096,1.4942076023440374,1.6833655623773622
eta_0.8,500,4,-0.12743628185907047,8,4,8,0.03639183958275806,5.941427905220564e-17,0.041028557520324,0.0378265368397692,0.17564249056813142,0.15590049378606305,0.912283564248909,1.487471922705862,1.6781687798427
eta_0.8,500,5,-0.12743628185907047,8,4,8,0.03639183958275806,5.941427905220564e-17,0.041555042886255465,0.042155071016422546,0.17732800710164226,0.16235286284953396,0.9203595896699207,1.496793001890672,1.688575910978773
eta_0.8,500,6,-0.12743628185907047,8,4,8,0.020217688657087833,5.941427905220564e-17,0.0397217083066634,0.04324373058144696,0.175704824123391,0.158600477141589,0.9253807227987884,1.49997620441864,1.689184143228247
eta_0.8,500,7,-0.12743628185907047,8,4,8,0.020217688657087837,5.941427905220564e-17,0.036729551511362896,0.04057989347536619,0.1775253412117177,0.16759895139813583,0.9204166860707365,1.4844246376444152,1.6780818713123216
eta_0.8,500,8,-0.12743628185907047,8,4,8,0.02021768865708784,5.941427905220564e-17,0.0361116199585511,0.04079871282734133,0.17560233577452283,0.15806641145139813,0.919777990376943,1.4934083564494443,1.6832682915778285
eta_0.8,500,9,-0.12743628185907047,8,4,8,0.020217688657087833,5.941427905220564e-17,0.042394784274275295,0.043139785841100765,0.17420741788726143,0.15758915889924544,0.9281278076003731,1.4927416936338362,1.6797971850344324
eta_0.8,500,10,-0.12743628185907047,8,4,8,0.020217688657087833,5.941427905220564e-17,0.0396962263867204,0.041127801819795834,0.17541962106080783,0.1632895583666223,0.9351479934694372,1.4874073553412193,1.6868289769399478
eta_0.8,500,11,-0.12743628185907047,8,4,8,0.03639183958275806,5.941427905220564e-17,0.041101877164751416,0.04229452396804261,0.17745132878384373,0.15613684531735464,0.9194886644895937,1.4973396545481137,1.6782335045589813
eta_0.8,500,12,-0.12743628185907047,8,4,8,0.020217688657087837,5.941427905220564e-17,0.040156811086451805,0.041413282290279636,0.17508947791833113,0.15496623945849977,0.9240178917383818,1.4956163042201462,1.6855276520777651
eta_0.8,500,13,-0.12743628185907047,8,4,8,0.020217688657087837,5.941427905220564e-17,0.03907495141252626,0.04102452285841101,0.17408774411895253,0.1587180703506436,0.9358238634093334,1.4820362900577346,1.6781111126515795
eta_0.8,500,14,-0.12743628185907047,8,4,8,0.1250766110138611,5.941427905220564e-17,0.04736432575242456,0.04316661118508656,0.1753945156458056,0.1505214436307146,0.9417316072902832,1.5008597648280582,1.6883442852776054
eta_0.8,500,15,-0.12743628185907047,8,4,8,0.020217688657087837,5.941427905220564e-17,0.03992748124297525,0.04313334997780738,0.17788341932978252,0.16200477141588995,0.9129821460102774,1.497603283387363,1.672259928373546
eta_0.8,500,16,-0.12743628185907047,8,4,8,0.03639183958275806,5.941427905220564e-17,0.0452244978491236,0.04147433976919663,0.17728106968486462,0.15203007101642255,0.9246947673959957,1.491832403398493,1.686976873156361
eta_0.8,500,17,-0.12743628185907047,8,4,8,0.020217688657087837,5.941427905220564e-17,0.03794285392750962,0.04340615290723481,0.17665731802041723,0.15606311029738126,0.9172998073858241,1.4838628450604132,1.6731361310271526
eta_0.8,500,18,-0.1279297786908208,8,3,8,0.10323797101825061,5.941427905220564e-17,0.04600253739475541,0.0411852807367954,0.18034645472703062,0.15922794607190413,0.920111553128979,1.4897707184694093,1.6840532497880272
eta_0.8,500,19,-0.12743628185907047,8,4,8,0.020217688657087837,5.941427905220564e-17,0.03731918767360384,0.03980237461162895,0.17638924489569466,0.15703073679538393,0.9286266650454393,1.4868114187543133,1.6819175686636978
eta_0.8,500,20,-0.12743628185907047,8,4,8,0.020217688657087837,5.941427905220564e-17,0.03779405690782937,0.03949966711051932,0.1727225504882379,0.16105512094984464,0.9332895556211696,1.4953622521016126,1.6807942384613797
eta_0.8,500,21,-0.12743628185907047,8,4,8,0.020217688657087833,5.941427905220564e-17,0.0369683136640472,0.0411046105193076,0.1754261956280515,0.1609261540168664,0.9169337381891026,1.4928336074190827,1.6812420137660444
eta_0.8,500,22,-0.12743628185907047,8,4,8,0.020217688657087833,5.941427905220564e-17,0.036397240400982925,0.03891927430093211,0.17491507157123837,0.16110042166000887,0.9210889542151717,1.4810925954438525,1.6818459997116426
eta_0.8,500,23,-0.12743628185907047,8,4,8,0.020217688657087837,5.941427905220564e-17,0.036719977377911515,0.04293600199733689,0.17484834110075456,0.16193394917887263,0.9216243512901052,1.4866272591408816,1.6766790834574459
eta_0.8,500,24,-0.12743628185907047,8,4,8,0.03639183958275806,5.941427905220564e-17,0.04380781830445005,0.039929455170883275,0.1747700982023968,0.15787733022636483,0.9289157738525361,1.4869472889317186,1.6819698880350689
eta_0.8,500,25,-0.12939001848428835,8,2,8,0.07630127417977293,5.941427905220564e-17,0.04510986427036795,0.04020630825565913,0.17565796992898358,0.1618693131380382,0.9267794797710582,1.4870631354207562,1.6952565519161271
eta_0.8,500,26,-0.12743628185907047,8,4,8,0.020217688657087833,5.941427905220564e-17,0.037076979117024025,0.04081003106968488,0.1744734520639148,0.15772997114957835,0.9270661655481984,1.479727664381644,1.6806714009727481
eta_0.8,500,27,-0.12743628185907047,8,4,8,0.020217688657087833,5.941427905220564e-17,0.03468721747314562,0.04112017310252997,0.1736896083000444,0.15959967265867733,0.9197464695410286,1.4910110051441077,1.677618646139388
eta_0.8,500,28,-0.12743628185907047,8,4,8,0.03639183958275806,5.941427905220564e-17,0.04141630055739338,0.03932270861074124,0.1758509071238349,0.1614470705725699,0.9248125057563447,1.499018172694239,1.6895600850224577
eta_0.8,500,29,-0.12743628185907047,8,4,8,0.020217688657087833,5.941427905220564e-17,0.035328497060158746,0.04371163448735021,0.1756573041500222,0.1549840490457168,0.915488778065326,1.4831364753205383,1.6713766725353514
eta_0.8,5000,0,-0.12743628185907047,8,4,8,0.020217688657087837,5.941427905220564e-17,0.021417727265549122,0.012896719326312048,0.1728850939319202,0.1514223720170644,0.9199647600967359,1.4883496820938318,1.6768367241221949
eta_0.8,5000,1,-0.12743628185907047,8,4,8,0.020217688657087833,5.941427905220564e-17,0.02064983144648608,0.012810997978047365,0.16954791611118517,0.1558163178242901,0.9221301940866288,1.4904128261207712,1.6816796348512169
eta_0.8,5000,2,-0.12743628185907047,8,4,8,0.02021768865708784,5.941427905220564e-17,0.021721979252284734,0.012281072523663505,0.17121151513131583,0.14762669810691909,0.9208963221541969,1.4871949324552236,1.6838163846714087
eta_0.8,5000,3,-0.12743628185907047,8,4,8,0.020217688657087837,5.941427905220564e-17,0.021076035253403264,0.012454179998222457,0.17031455055992534,0.15142285639692485,0.9180728098748046,1.4875560982171572,1.6739206052339008
eta_0.8,5000,4,-0.12743628185907047,8,4,8,0.03639183958275806,5.941427905220564e-17,0.026206165272794846,0.01262297360351953,0.17200336816202283,0.1501798726836422,0.9292946009341756,1.490534328963062,1.6851960571659146
eta_0.8,5000,5,-0.12743628185907047,8,4,8,0.03639183958275806,5.941427905220564e-17,0.025341153629671362,0.012744872350353285,0.17121979013909255,0.15622772130382614,0.9243450869873785,1.4887917439297127,1.6787893876164726
eta_0.8,5000,6,-0.12743628185907047,8,4,8,0.02021768865708784,5.941427905220564e-17,0.020902017967819292,0.012541370595031784,0.16996377371905969,0.1530154829356086,0.920444556101751,1.486908383563401,1.6797824061562128
eta_0.8,5000,7,-0.12743628185907047,8,4,8,0.020217688657087837,5.941427905220564e-17,0.02185749617341472,0.012840638470426172,0.17016772347020395,0.15276130904768256,0.9173229771449963,1.4847672772435103,1.6798243339913643
eta_0.8,5000,8,-0.12743628185907047,8,4,8,0.02021768865708784,5.941427905220564e-17,0.021103474290809932,0.012941653890592356,0.16981569540727903,0.14965983313335998,0.9255318081951748,1.489679285410181,1.6867843173868446
eta_0.8,5000,9,-0.12743628185907047,8,4,8,0.020217688657087837,5.941427905220564e-17,0.02129597596062563,0.012846934297649203,0.16914711621783762,0.15542122439230324,0.9211818144332228,1.486972131583453,1.6780341159692291
eta_0.8,5000,10,-0.12743628185907047,8,4,8,0.020217688657087837,5.941427905220564e-17,0.021127107453721743,0.012346885415277967,0.17166830450384396,0.15844065402390792,0.923398703756331,1.4869121512768058,1.6844593067459006
eta_0.8,5000,11,-0.12743628185907047,8,4,8,0.020217688657087837,5.941427905220564e-17,0.021512392365292565,0.013468780273741281,0.17271825839888016,0.15059311536239614,0.922280442757743,1.48909264459228,1.6801782515205805
eta_0.8,5000,12,-0.12743628185907047,8,4,8,0.03639183958275806,5.941427905220564e-17,0.02560002143023717,0.012794770697240368,0.16973411378482872,0.1563569918455317,0.9244505715362645,1.4863271929084212,1.6814844422775894
eta_0.8,5000,13,-0.12743628185907047,8,4,8,0.020217688657087837,5.941427905220564e-17,0.021305275614626768,0.012847052059725366,0.1703667113829267,0.15349571390481268,0.9235070751445723,1.4870613028640347,1.6784958376083274
eta_0.8,5000,14,-0.12743628185907047,8,4,8,0.020217688657087833,5.941427905220564e-17,0.021089619644397622,0.012092548215793452,0.17056294021908192,0.1563359063236013,0.9230746460230147,1.4873333586665778,1.6749922722843678
eta_0.8,5000,15,-0.12743628185907047,8,4,8,0.020217688657087837,5.941427905220564e-17,0.020146353739617703,0.012239620272852506,0.1714012653868373,0.15202366573345774,0.9224055885747198,1.4882898128062536,1.6847691264792282
eta_0.8,5000,16,-0.12743628185907047,8,4,8,0.020217688657087833,5.941427905220564e-17,0.020450230596899655,0.01178694118561971,0.17248458066702216,0.15344237379460515,0.9254962736690052,1.4874028292438246,1.6812004292656637
eta_0.8,5000,17,-0.12743628185907047,8,4,8,0.02021768865708784,5.941427905220564e-17,0.02153911263051193,0.012304891570012888,0.16952210288628183,0.15697403179576055,0.922532893193032,1.484690436551687,1.67642506357157
eta_0.8,5000,18,-0.12743628185907047,8,4,8,0.03639183958275806,5.941427905220564e-17,0.025450275410954532,0.013188936475136642,0.16989792083277783,0.1548491789983558,0.9231119656805041,1.4874165868794675,1.6805151585666906
eta_0.8,5000,19,-0.12743628185907047,8,4,8,0.020217688657087837,5.941427905220564e-17,0.02197679943163454,0.013063796493800831,0.16783686786206287,0.1556244284095454,0.9217574733742067,1.484815784220983,1.6808216303206085
eta_0.8,5000,20,-0.12743628185907047,8,4,8,0.02021768865708784,5.941427905220564e-17,0.021615402495360005,0.012535125316624457,0.16880387531662444,0.15378401990845667,0.9196240077033903,1.486639974036479,1.6770961896670917
eta_0.8,5000,21,-0.12743628185907047,8,4,8,0.020217688657087837,5.941427905220564e-17,0.021191510077813117,0.014770072879171656,0.17107429648269123,0.15663393547526996,0.9208405632216939,1.489972391607733,1.6827805476341955
eta_0.8,5000,22,-0.12743628185907047,8,4,8,0.02021768865708784,5.941427905220564e-17,0.021163880449254283,0.012964755810336402,0.17072524135670797,0.15662409678709507,0.9213135282850967,1.4888611323977041,1.681007343295774
eta_0.8,5000,23,-0.12743628185907047,8,4,8,0.020217688657087833,5.941427905220564e-17,0.021286330457719414,0.013186106852419674,0.17138658123361333,0.14946024696707108,0.9239364721885986,1.4900129361825631,1.6816594647356786
eta_0.8,5000,24,-0.12743628185907047,8,4,8,0.020217688657087837,5.941427905220564e-17,0.02062949929912027,0.013251350375505483,0.1713798854597165,0.14922200984313203,0.9235071510605645,1.4910100007701017,1.683909271069581
eta_0.8,5000,25,-0.12743628185907047,8,4,8,0.020217688657087837,5.941427905220564e-17,0.022009072283633465,0.012296300493267557,0.1691957527885171,0.1522022819179665,0.9259262766557673,1.4886138532084958,1.679050988825629
eta_0.8,5000,26,-0.12743628185907047,8,4,8,0.020217688657087833,5.941427905220564e-17,0.021092025646715473,0.013564621939296978,0.17042471031640224,0.14596315824556727,0.9171946893337566,1.4836144096022845,1.6764646591957462
eta_0.8,5000,27,-0.12743628185907047,8,4,8,0.03639183958275806,5.941427905220564e-17,0.026598509696287586,0.013037345576145401,0.17117290694574058,0.15579349808914367,0.9239268348251534,1.4885968302293662,1.6798557177632276
eta_0.8,5000,28,-0.12743628185907047,8,4,8,0.020217688657087837,5.941427905220564e-17,0.0266595802429855,0.01272833955472604,0.17080030829222773,0.15361900191085634,0.9243495807904941,1.4895354414168924,1.6839271260264015
eta_0.8,5000,29,-0.12743628185907047,8,4,8,0.03639183958275806,5.941427905220564e-17,0.026514919166451673,0.012637781073634634,0.16932444340754568,0.15238925087766075,0.9258247759061723,1.4898309455009657,1.6851677686152344
isospectral_broken_8partition,100,0,1.0,8,6,6,0.005079165887234451,0.005079165887234451,0.08773730684326712,0.08773730684326712,0.19521626655629137,0.17567259933774834,1.507163045691791,1.507163045691791,2.055342767450149
isospectral_broken_8partition,100,1,1.0,8,6,6,0.005079165887234451,0.005079165887234451,0.084183912803532,0.084183912803532,0.19526800496688743,0.16673220198675498,1.4948369464217388,1.4948369464217388,2.057359132826461
isospectral_broken_8partition,100,2,1.0,8,6,6,0.005079165887234451,0.005079165887234451,0.08763176048565123,0.0876317604856512,0.19266625275938193,0.1736534216335541,1.4840554108146458,1.4840554108146458,2.0541765749540706
isospectral_broken_8partition,100,3,1.0,8,6,6,0.005079165887234451,0.005079165887234451,0.09071812913907285,0.09071812913907285,0.19558912803532008,0.1766528697571744,1.4985354241897604,1.4985354241897604,2.052336669332048
isospectral_broken_8partition,100,4,1.0,8,6,6,0.005079165887234451,0.005079165887234451,0.09161354856512142,0.09161354856512142,0.19554152869757174,0.17729373620309052,1.4844371644020946,1.4844371644020946,2.0532174428961243
isospectral_broken_8partition,100,5,1.0,8,6,6,0.005079165887234451,0.005079165887234451,0.07865756070640177,0.07865756070640177,0.19528490618101546,0.17353614790286975,1.484457368040513,1.4844573680405133,2.0501105867423215
isospectral_broken_8partition,100,6,1.0,8,6,6,0.005079165887234451,0.005079165887234451,0.09241445916114792,0.09241445916114792,0.20112168874172184,0.17661768763796912,1.4913015424585974,1.4913015424585976,2.0513960291972553
isospectral_broken_8partition,100,7,1.0,8,6,6,0.005079165887234451,0.005079165887234451,0.08828366445916114,0.08828366445916115,0.19853131898454746,0.16814155629139074,1.4839677666651188,1.4839677666651188,2.051580954393711
isospectral_broken_8partition,100,8,1.0,8,6,6,0.005079165887234451,0.005079165887234451,0.09439017660044151,0.09439017660044151,0.19272488962472406,0.17099889624724063,1.4816327132401776,1.4816327132401776,2.052385961220436
isospectral_broken_8partition,100,9,1.0,8,6,6,0.005079165887234451,0.005079165887234451,0.0884830298013245,0.0884830298013245,0.18915597406181017,0.16613134657836645,1.5142171848838328,1.5142171848838328,2.0536995571981747
isospectral_broken_8partition,100,10,1.0,8,6,6,0.005079165887234451,0.005079165887234451,0.089596440397351,0.089596440397351,0.18892763520971306,0.15725855408388523,1.5077090041977999,1.5077090041977996,2.0528716517673935
isospectral_broken_8partition,100,11,1.0,8,6,6,0.005079165887234451,0.005079165887234451,0.08494619205298015,0.08494619205298015,0.19550531181015454,0.15803669977924947,1.5018843864232243,1.5018843864232243,2.05124678348502
isospectral_broken_8partition,100,12,1.0,8,6,6,0.005079165887234451,0.005079165887234451,0.1007105408388521,0.1007105408388521,0.20100993377483445,0.1731939845474614,1.4916366172765194,1.4916366172765194,2.0581595741143595
isospectral_broken_8partition,100,13,1.0,8,6,6,0.005079165887234451,0.005079165887234451,0.09146868101545254,0.09146868101545254,0.19944674392935985,0.17632381346578366,1.484658340898083,1.4846583408980827,2.0550639734075955
isospectral_broken_8partition,100,14,1.0,8,6,6,0.005079165887234451,0.005079165887234451,0.08515728476821194,0.08515728476821194,0.19197778697571743,0.16163562362030903,1.5051136938580745,1.5051136938580745,2.0535049754963226
isospectral_broken_8partition,100,15,1.0,8,6,6,0.005079165887234451,0.005079165887234451,0.0927918046357616,0.0927918046357616,0.19779456401766002,0.1606539735099338,1.4950228181689322,1.4950228181689322,2.0549300737700227
isospectral_broken_8partition,100,16,1.0,8,6,6,0.005079165887234451,0.005079165887234451,0.09047599337748345,0.09047599337748345,0.19503069812362034,0.17170529801324505,1.4921556399430482,1.4921556399430482,2.0525604511426208
isospectral_broken_8partition,100,17,1.0,8,6,6,0.005079165887234451,0.005079165887234451,0.08954884105960266,0.08954884105960266,0.1907098509933775,0.1655435982339956,1.5041268284465856,1.5041268284465856,2.0528415108828195
isospectral_broken_8partition,100,18,1.0,8,6,6,0.005079165887234451,0.005079165887234451,0.09237513796909491,0.09237513796909491,0.19815673289183225,0.164899972406181,1.487916577854492,1.487916577854492,2.0525163724279567
isospectral_broken_8partition,100,19,1.0,8,6,6,0.005079165887234451,0.005079165887234451,0.09530146247240619,0.09530146247240619,0.19533457505518767,0.17637417218543047,1.5137070406664994,1.5137070406664994,2.0504368769616685
isospectral_broken_8partition,100,20,1.0,8,6,6,0.005079165887234451,0.005079165887234451,0.09295598785871965,0.09295598785871965,0.1968087748344371,0.18084988962472406,1.512988156455378,1.512988156455378,2.056051825919635
isospectral_broken_8partition,100,21,1.0,8,6,6,0.005079165887234451,0.005079165887234451,0.08843474061810157,0.08843474061810157,0.194635761589404,0.16252690397350994,1.4963294004547885,1.4963294004547885,2.0525890666955755
isospectral_broken_8partition,100,22,1.0,8,6,6,0.005079165887234451,0.005079165887234451,0.08785458057395144,0.08785458057395144,0.1928883830022075,0.17269039735099337,1.485036642514545,1.485036642514545,2.0565163525272165
isospectral_broken_8partition,100,23,1.0,8,6,6,0.005079165887234451,0.005079165887234451,0.09140935430463576,0.09140935430463576,0.20465300772626932,0.17616100993377484,1.4731225688442704,1.4731225688442704,2.054630112734127
isospectral_broken_8partition,100,24,1.0,8,6,6,0.005079165887234451,0.005079165887234451,0.09567052980132451,0.09567052980132451,0.2019757174392936,0.17741583885209714,1.4760342169013987,1.4760342169013987,2.0569542969295904
isospectral_broken_8partition,100,25,1.0,8,6,6,0.005079165887234451,0.005079165887234451,0.08867480684326712,0.08867480684326712,0.18992825607064018,0.15189086644591612,1.5007986576083954,1.5007986576083954,2.056148792860167
isospectral_broken_8partition,100,26,1.0,8,6,6,0.005079165887234451,0.005079165887234451,0.1011437637969095,0.1011437637969095,0.19562362030905078,0.16981098233995584,1.49187405542881,1.49187405542881,2.056521447097108
isospectral_broken_8partition,100,27,1.0,8,6,6,0.005079165887234451,0.005079165887234451,0.08896247240618103,0.08896247240618103,0.19000344922737306,0.16098509933774838,1.4832094374083356,1.4832094374083356,2.049907199658775
isospectral_broken_8partition,100,28,1.0,8,6,6,0.005079165887234451,0.005079165887234451,0.09241721854304637,0.09241721854304637,0.19567604856512144,0.16050082781456954,1.4816672740923609,1.4816672740923609,2.0528924688327237
isospectral_broken_8partition,100,29,1.0,8,6,6,0.005079165887234451,0.005079165887234451,0.08858374724061811,0.08858374724061811,0.18902869757174395,0.17066225165562918,1.5122505081253976,1.5122505081253976,2.0531963753878717
isospectral_broken_8partition,500,0,1.0,8,6,6,0.005079165887234451,0.005079165887234451,0.04079635486018642,0.04079635486018642,0.16951941855304042,0.135069241011984,1.4841507332401476,1.4841507332401476,2.0497361637689764
isospectral_broken_8partition,500,1,1.0,8,6,6,0.005079165887234451,0.005079165887234451,0.039948346648912565,0.039948346648912565,0.16670798657345762,0.14446715490457168,1.490965197524732,1.490965197524732,2.0479021454485125
isospectral_broken_8partition,500,2,1.0,8,6,6,0.005079165887234451,0.005079165887234451,0.037330781180648025,0.037330781180648025,0.16907574622725258,0.1378420716822015,1.4830385052811608,1.4830385052811608,2.0517757789078437
isospectral_broken_8partition,500,3,1.0,8,6,6,0.005079165887234451,0.005079165887234451,0.039088742787394576,0.039088742787394576,0.172619229915668,0.14561246116289392,1.4942682325067478,1.4942682325067478,2.0451196586274625
isospectral_broken_8partition,500,4,1.0,8,6,6,0.005079165887234451,0.005079165887234451,0.03988354416333778,0.03988354416333778,0.16791960719041277,0.1393525854416334,1.501483477567026,1.501483477567026,2.0469360276901147
isospectral_broken_8partition,500,5,1.0,8,6,6,0.005079165887234451,0.005079165887234451,0.04084365290723479,0.040843652907234795,0.16354113959165556,0.13800721260541501,1.4927393757011747,1.4927393757011747,2.0503024715002116
isospectral_broken_8partition,500,6,1.0,8,6,6,0.005079165887234451,0.005079165887234451,0.040411895250776736,0.04041189525077674,0.17136997891699957,0.13525876608965826,1.4922022060876279,1.4922022060876279,2.0485192845263693
isospectral_broken_8partition,500,7,1.0,8,6,6,0.005079165887234451,0.005079165887234451,0.038953339991122944,0.038953339991122944,0.16678867066134045,0.14981444185530404,1.4908052331320454,1.4908052331320454,2.050576465509891
isospectral_broken_8partition,500,8,1.0,8,6,6,0.005079165887234451,0.005079165887234451,0.03836298823790501,0.03836298823790501,0.1655652740790058,0.14438401575676874,1.4864221046380122,1.4864221046380122,2.0500636649651947
isospectral_broken_8partition,500,9,1.0,8,6,6,0.005079165887234451,0.005079165887234451,0.040646554593874826,0.04064655459387483,0.16455722924988903,0.13989167221482468,1.4948185281357365,1.4948185281357367,2.0512656579218618
isospectral_broken_8partition,500,10,1.0,8,6,6,0.005079165887234451,0.005079165887234451,0.04111451398135819,0.04111451398135819,0.17072273080337325,0.14094088437638705,1.4859423259371136,1.4859423259371136,2.047001838983601
isospectral_broken_8partition,500,11,1.0,8,6,6,0.005079165887234451,0.005079165887234451,0.04124614403018198,0.04124614403018198,0.16334882656458055,0.13952116622281405,1.4998952866424597,1.4998952866424597,2.0524867468231083
isospectral_broken_8partition,500,12,1.0,8,6,6,0.005079165887234451,0.005079165887234451,0.04139228251220594,0.04139228251220594,0.16840081280514868,0.14106535730137595,1.4790798113293646,1.4790798113293646,2.0485437048927393
isospectral_broken_8partition,500,13,1.0,8,6,6,0.005079165887234451,0.005079165887234451,0.03805689636040834,0.03805689636040834,0.16981663337771863,0.1464012427873946,1.4835144484138831,1.4835144484138831,2.048788515897299
isospectral_broken_8partition,500,14,1.0,8,6,6,0.005079165887234451,0.005079165887234451,0.03742593209054594,0.037425932090545934,0.16762871726586775,0.14270911007545495,1.498834301822748,1.498834301822748,2.0478712390334524
isospectral_broken_8partition,500,15,1.0,8,6,6,0.005079165887234451,0.005079165887234451,0.04157337438970262,0.04157337438970262,0.16474651853084776,0.136357689747004,1.4897119028268409,1.4897119028268409,2.0485578109919467
isospectral_broken_8partition,500,16,1.0,8,6,6,0.005079165887234451,0.005079165887234451,0.041665362849533955,0.041665362849533955,0.169338437638704,0.14153492565468265,1.489128009257658,1.4891280092576578,2.0483467700373783
isospectral_broken_8partition,500,17,1.0,8,6,6,0.005079165887234451,0.005079165887234451,0.04052330226364846,0.04052330226364847,0.16993811029738126,0.14502133266755435,1.4802782627586173,1.4802782627586173,2.0498406260319437
isospectral_broken_8partition,500,18,1.0,8,6,6,0.005079165887234451,0.005079165887234451,0.0404544218819352,0.04045442188193519,0.16960001941855302,0.14193813803817132,1.483101114035976,1.483101114035976,2.048387491012198
isospectral_broken_8partition,500,19,1.0,8,6,6,0.005079165887234451,0.005079165887234451,0.038308005992010646,0.038308005992010646,0.16432718874833555,0.14056280514869066,1.4859321371223853,1.4859321371223853,2.051432315204494
isospectral_broken_8partition,500,20,1.0,8,6,6,0.005079165887234451,0.005079165887234451,0.04152940523746115,0.04152940523746115,0.16498603251220595,0.14071005326231692,1.4972670572530902,1.4972670572530902,2.050171989060974
isospectral_broken_8partition,500,21,1.0,8,6,6,0.005079165887234451,0.005079165887234451,0.039110241899689306,0.0391102418996893,0.17096698845983133,0.1490665778961385,1.4797113940878408,1.4797113940878408,2.047069890492525
isospectral_broken_8partition,500,22,1.0,8,6,6,0.005079165887234451,0.005079165887234451,0.039657595428317795,0.039657595428317795,0.16948511706613406,0.1455122059476254,1.4878118986262174,1.4878118986262174,2.046354919755083
isospectral_broken_8partition,500,23,1.0,8,6,6,0.005079165887234451,0.005079165887234451,0.043528794940079885,0.043528794940079885,0.16408573291167333,0.14375457723035953,1.489482026505486,1.489482026505486,2.051868189742125
isospectral_broken_8partition,500,24,1.0,8,6,6,0.005079165887234451,0.005079165887234451,0.04033175210830004,0.04033175210830004,0.16672160730137595,0.13633502552152685,1.4916610023145251,1.4916610023145251,2.0441185860909217
isospectral_broken_8partition,500,25,1.0,8,6,6,0.005079165887234451,0.005079165887234451,0.0439005770084332,0.0439005770084332,0.1712672547714159,0.1477723590767865,1.4765693023301982,1.4765693023301982,2.0466319657025656
isospectral_broken_8partition,500,26,1.0,8,6,6,0.005079165887234451,0.005079165887234451,0.038761595650244125,0.038761595650244125,0.16935053262316913,0.13626470261873058,1.4829145526575136,1.4829145526575134,2.0493037200941244
isospectral_broken_8partition,500,27,1.0,8,6,6,0.005079165887234451,0.005079165887234451,0.04335422214824678,0.04335422214824678,0.1714486379272082,0.13822436750998668,1.4918946775135433,1.4918946775135433,2.050061989676591
isospectral_broken_8partition,500,28,1.0,8,6,6,0.005079165887234451,0.005079165887234451,0.04468184087882824,0.04468184087882824,0.1682828867066134,0.12905545383932535,1.4970699968162378,1.497069996816238,2.0481002272422324
isospectral_broken_8partition,500,29,1.0,8,6,6,0.005079165887234451,0.005079165887234451,0.03825366178428762,0.03825366178428762,0.16613738626276076,0.14988948069241012,1.4955603140390874,1.4955603140390874,2.0483765581902356
isospectral_broken_8partition,5000,0,1.0,8,6,6,0.005079165887234451,0.005079165887234451,0.013133116140070211,0.013133116140070211,0.16363804159445408,0.12560119984002135,1.4873770027448554,1.4873770027448552,2.0494800881814133
isospectral_broken_8partition,5000,1,1.0,8,6,6,0.005079165887234451,0.005079165887234451,0.012221328822823617,0.012221328822823617,0.16182309108785495,0.13254838132693417,1.4892228218065993,1.4892228218065988,2.0484251115555008
isospectral_broken_8partition,5000,2,1.0,8,6,6,0.005079165887234451,0.005079165887234451,0.013596792094387416,0.013596792094387416,0.16205804226103185,0.130708868817491,1.4899653176823704,1.4899653176823704,2.0494521415025373
isospectral_broken_8partition,5000,3,1.0,8,6,6,0.005079165887234451,0.005079165887234451,0.011820862773852381,0.011820862773852381,0.16087844231880194,0.12701103686175177,1.4894295625191045,1.4894295625191045,2.0467764676634532
isospectral_broken_8partition,5000,4,1.0,8,6,6,0.005079165887234451,0.005079165887234451,0.013314091454472732,0.013314091454472732,0.15922753216237834,0.1388183158912145,1.4875642756243208,1.4875642756243208,2.047388371900163
isospectral_broken_8partition,5000,5,1.0,8,6,6,0.005079165887234451,0.005079165887234451,0.012640728458427767,0.012640728458427767,0.1649589210327512,0.13368900313291562,1.4851030095049844,1.4851030095049846,2.0468449004140465
isospectral_broken_8partition,5000,6,1.0,8,6,6,0.005079165887234451,0.005079165887234451,0.013188116584455406,0.013188116584455406,0.16145271658223348,0.1416229041683331,1.485989324798806,1.485989324798806,2.0457799902113862
isospectral_broken_8partition,5000,7,1.0,8,6,6,0.005079165887234451,0.005079165887234451,0.013739211438474869,0.013739211438474869,0.16050055103763944,0.11265700795449496,1.484520120449229,1.4845201204492293,2.0495914813299683
isospectral_broken_8partition,5000,8,1.0,8,6,6,0.005079165887234451,0.005079165887234451,0.012750557703417315,0.012750557703417315,0.16174793222014844,0.1319561247389237,1.488115534408682,1.4881155344086823,2.047572429168746
isospectral_broken_8partition,5000,9,1.0,8,6,6,0.005079165887234451,0.005079165887234451,0.012460713016042305,0.012460713016042305,0.16148969304092786,0.13536932631204726,1.4872149592187527,1.4872149592187527,2.0480227663985007
isospectral_broken_8partition,5000,10,1.0,8,6,6,0.005079165887234451,0.005079165887234451,0.013190843443096486,0.013190843443096486,0.16375871050526597,0.13700960483046706,1.4851066442430385,1.4851066442430383,2.0438622330783165
isospectral_broken_8partition,5000,11,1.0,8,6,6,0.005079165887234451,0.005079165887234451,0.01334225992089944,0.01334225992089944,0.1635990928987246,0.1360396702661867,1.4895055320304968,1.4895055320304966,2.045274890684933
isospectral_broken_8partition,5000,12,1.0,8,6,6,0.005079165887234451,0.005079165887234451,0.012610561369595175,0.012610561369595175,0.16447726108741056,0.14139451184286542,1.4922117431002364,1.4922117431002362,2.0481342577093344
isospectral_broken_8partition,5000,13,1.0,8,6,6,0.005079165887234451,0.005079165887234451,0.012972871394925117,0.012972871394925117,0.1644648099697818,0.12470240134648714,1.490635992013367,1.490635992013367,2.0491779351322905
isospectral_broken_8partition,5000,14,1.0,8,6,6,0.005079165887234451,0.005079165887234451,0.012705618695285067,0.012705618695285067,0.1613037217259921,0.1292439324756699,1.4871173181444601,1.4871173181444601,2.0499786201392483
isospectral_broken_8partition,5000,15,1.0,8,6,6,0.005079165887234451,0.005079165887234451,0.013565837888281569,0.013565837888281569,0.16130725014442518,0.13586568401990848,1.488680112076846,1.488680112076846,2.0484018694455077
isospectral_broken_8partition,5000,16,1.0,8,6,6,0.005079165887234451,0.005079165887234451,0.01368982413455984,0.013689824134559839,0.16311744378527307,0.13373047371461583,1.4854393080638009,1.4854393080638009,2.04503681877484
isospectral_broken_8partition,5000,17,1.0,8,6,6,0.005079165887234451,0.005079165887234451,0.012650496600453273,0.012650496600453273,0.1640918005377061,0.14408268619739592,1.4871514244099444,1.4871514244099444,2.045302530355623
isospectral_broken_8partition,5000,18,1.0,8,6,6,0.005079165887234451,0.005079165887234451,0.013338222125938758,0.013338222125938758,0.1619792155490379,0.13233374550059993,1.4859800337692495,1.4859800337692495,2.048153885922252
isospectral_broken_8partition,5000,19,1.0,8,6,6,0.005079165887234451,0.005079165887234451,0.012690963982580105,0.012690963982580105,0.16076071801537573,0.1256463238234902,1.4867237302425507,1.486723730242551,2.0456065495870037
isospectral_broken_8partition,5000,20,1.0,8,6,6,0.005079165887234451,0.005079165887234451,0.013917965937874949,0.013917965937874949,0.1627497708638848,0.13279324423410213,1.4888118065967109,1.4888118065967109,2.0475304506647154
isospectral_broken_8partition,5000,21,1.0,8,6,6,0.005079165887234451,0.005079165887234451,0.012787909389859136,0.012787909389859136,0.1585151096520464,0.13124129727147493,1.4866843690078153,1.4866843690078149,2.046247668070611
isospectral_broken_8partition,5000,22,1.0,8,6,6,0.005079165887234451,0.005079165887234451,0.01282960438608186,0.01282960438608186,0.16487301831977957,0.13089420688352663,1.4862429932586305,1.4862429932586305,2.0424317939258296
isospectral_broken_8partition,5000,23,1.0,8,6,6,0.005079165887234451,0.005079165887234451,0.013598173576856415,0.013598173576856415,0.1645456780762565,0.1396305975869884,1.488122997715296,1.488122997715296,2.048583543311344
isospectral_broken_8partition,5000,24,1.0,8,6,6,0.005079165887234451,0.005079165887234451,0.012957367906501349,0.012957367906501349,0.16093408434430967,0.1340948767942052,1.4876298519718583,1.4876298519718583,2.05063236246664
isospectral_broken_8partition,5000,25,1.0,8,6,6,0.005079165887234451,0.005079165887234451,0.012387091721103855,0.012387091721103855,0.1653635301404257,0.13750879549393413,1.4832876448577583,1.4832876448577583,2.0468714220986852
isospectral_broken_8partition,5000,26,1.0,8,6,6,0.005079165887234451,0.005079165887234451,0.01257608707727858,0.01257608707727858,0.1637066174510065,0.13651582400124426,1.4893064175045205,1.4893064175045205,2.0442928287996844
isospectral_broken_8partition,5000,27,1.0,8,6,6,0.005079165887234451,0.005079165887234451,0.01382608541083411,0.01382608541083411,0.16024448184686488,0.13256096409367638,1.4887814128292307,1.4887814128292307,2.0476819429453696
isospectral_broken_8partition,5000,28,1.0,8,6,6,0.005079165887234451,0.005079165887234451,0.012907902279696041,0.012907902279696041,0.15818536084077678,0.13195174865573478,1.4894490097663555,1.4894490097663555,2.0519628733921254
isospectral_broken_8partition,5000,29,1.0,8,6,6,0.005079165887234451,0.005079165887234451,0.0122457966715549,0.0122457966715549,0.15927028979469404,0.13165008165577924,1.4855424296181188,1.4855424296181188,2.047936681717088
